"cid_hex","glyph","texname"
"u/24","$","textdollar"
"u/27","'","textquotesingle"
"u/2a","*","ast"
"u/2d","-",""
"u/5c","\","textbackslash"
"u/60","`","textasciigrave"
"u/7b","{","lbrace"
"u/7c","|","vert"
"u/7d","}","rbrace"
"u/7e","~","textasciitilde"
"u/a1","¬°","textexclamdown"
"u/a2","¬¢","textcent"
"u/a3","¬£","textsterling"
"u/a4","¬§","textcurrency"
"u/a5","¬•","textyen"
"u/a6","¬¶","textbrokenbar"
"u/a7","¬ß","textsection"
"u/a8","¬®","textasciidieresis"
"u/a9","¬©","textcopyright"
"u/aa","¬™","textordfeminine"
"u/ab","¬´","guillemotleft"
"u/ac","¬¨","lnot"
"u/ad","¬≠",""
"u/ae","¬Æ","textregistered"
"u/af","¬Ø","textasciimacron"
"u/b0","¬∞","textdegree"
"u/b1","¬±","pm"
"u/b2","¬≤","^2"
"u/b3","¬≥","^3"
"u/b4","¬¥","textasciiacute"
"u/b5","¬µ","mathrm-mu"
"u/b6","¬∂","textparagraph"
"u/b7","¬∑","cdot"
"u/b8","¬∏","c"
"u/b9","¬π","^1"
"u/ba","¬∫","textordmasculine"
"u/bb","¬ª","guillemotright"
"u/bc","¬º","textonequarter"
"u/bd","¬Ω","textonehalf"
"u/be","¬æ","textthreequarters"
"u/bf","¬ø","textquestiondown"
"u/c0","√Ä","`-A"
"u/c1","√Å","acute-A"
"u/c2","√Ç","^-A"
"u/c3","√É","~-A"
"u/c4","√Ñ","""-A"
"u/c5","√Ö","AA"
"u/c6","√Ü","AE"
"u/c7","√á","c-C"
"u/c8","√à","`-E"
"u/c9","√â","acute-E"
"u/ca","√ä","^-E"
"u/cb","√ã","""-E"
"u/cc","√å","`-I"
"u/cd","√ç","acute-I"
"u/ce","√é","^-I"
"u/cf","√è","""-I"
"u/d0","√ê","DH"
"u/d1","√ë","~-N"
"u/d2","√í","`-O"
"u/d3","√ì","acute-O"
"u/d4","√î","^-O"
"u/d5","√ï","~-O"
"u/d6","√ñ","""-O"
"u/d7","√ó","texttimes"
"u/d8","√ò","O"
"u/d9","√ô","`-U"
"u/da","√ö","acute-U"
"u/db","√õ","^-U"
"u/dc","√ú","""-U"
"u/dd","√ù","acute-Y"
"u/de","√û","TH"
"u/df","√ü","ss"
"u/e0","√†","`-a"
"u/e1","√°","acute-a"
"u/e2","√¢","^-a"
"u/e3","√£","~-a"
"u/e4","√§","""-a"
"u/e5","√•","aa"
"u/e6","√¶","ae"
"u/e7","√ß","c-c"
"u/e8","√®","`-e"
"u/e9","√©","acute-e"
"u/ea","√™","^-e"
"u/eb","√´","""-e"
"u/ec","√¨","`-i"
"u/ed","√≠","acute-i"
"u/ee","√Æ","^-i"
"u/ef","√Ø","""-i"
"u/f0","√∞","dh"
"u/f1","√±","~-n"
"u/f2","√≤","`-o"
"u/f3","√≥","acute-o"
"u/f4","√¥","^-o"
"u/f5","√µ","~-o"
"u/f6","√∂","""-o"
"u/f7","√∑","div"
"u/f8","√∏","o"
"u/f9","√π","`-u"
"u/fa","√∫","acute-u"
"u/fb","√ª","^-u"
"u/fc","√º","""-u"
"u/fd","√Ω","acute-y"
"u/fe","√æ","th"
"u/ff","√ø","""-y"
"u/100","ƒÄ","=-A"
"u/101","ƒÅ","=-a"
"u/102","ƒÇ","u-A"
"u/103","ƒÉ","u-a"
"u/104","ƒÑ","k-A"
"u/105","ƒÖ","k-a"
"u/106","ƒÜ","acute-C"
"u/107","ƒá","acute-c"
"u/108","ƒà","^-C"
"u/109","ƒâ","^-c"
"u/10a","ƒä",".-C"
"u/10b","ƒã",".-c"
"u/10c","ƒå","v-C"
"u/10d","ƒç","v-c"
"u/10e","ƒé","v-D"
"u/10f","ƒè","v-d"
"u/110","ƒê","DJ"
"u/111","ƒë","dj"
"u/112","ƒí","=-E"
"u/113","ƒì","=-e"
"u/114","ƒî","u-E"
"u/115","ƒï","u-e"
"u/116","ƒñ",".-E"
"u/117","ƒó",".-e"
"u/118","ƒò","k-E"
"u/119","ƒô","k-e"
"u/11a","ƒö","v-E"
"u/11b","ƒõ","v-e"
"u/11c","ƒú","^-G"
"u/11d","ƒù","^-g"
"u/11e","ƒû","u-G"
"u/11f","ƒü","u-g"
"u/120","ƒ†",".-G"
"u/121","ƒ°",".-g"
"u/122","ƒ¢","c-G"
"u/123","ƒ£","c-g"
"u/124","ƒ§","^-H"
"u/125","ƒ•","^-h"
"u/126","ƒ¶","fontencoding-LELA-selectfontchar40"
"u/127","ƒß","Elzxh"
"u/128","ƒ®","~-I"
"u/129","ƒ©","~-i"
"u/12a","ƒ™","=-I"
"u/12b","ƒ´","=-i"
"u/12c","ƒ¨","u-I"
"u/12d","ƒ≠","u-i"
"u/12e","ƒÆ","k-I"
"u/12f","ƒØ","k-i"
"u/130","ƒ∞",".-I"
"u/131","ƒ±","i"
"u/132","ƒ≤","IJ"
"u/133","ƒ≥","ij"
"u/134","ƒ¥","^-J"
"u/135","ƒµ","^-j"
"u/136","ƒ∂","c-K"
"u/137","ƒ∑","c-k"
"u/138","ƒ∏","fontencoding-LELA-selectfontchar91"
"u/139","ƒπ","acute-L"
"u/13a","ƒ∫","acute-l"
"u/13b","ƒª","c-L"
"u/13c","ƒº","c-l"
"u/13d","ƒΩ","v-L"
"u/13e","ƒæ","v-l"
"u/13f","ƒø","fontencoding-LELA-selectfontchar201"
"u/140","≈Ä","fontencoding-LELA-selectfontchar202"
"u/141","≈Å","L"
"u/142","≈Ç","l"
"u/143","≈É","acute-N"
"u/144","≈Ñ","acute-n"
"u/145","≈Ö","c-N"
"u/146","≈Ü","c-n"
"u/147","≈á","v-N"
"u/148","≈à","v-n"
"u/149","≈â","acuten"
"u/14a","≈ä","NG"
"u/14b","≈ã","ng"
"u/14c","≈å","=-O"
"u/14d","≈ç","=-o"
"u/14e","≈é","u-O"
"u/14f","≈è","u-o"
"u/150","≈ê","H-O"
"u/151","≈ë","H-o"
"u/152","≈í","OE"
"u/153","≈ì","oe"
"u/154","≈î","acute-R"
"u/155","≈ï","acute-r"
"u/156","≈ñ","c-R"
"u/157","≈ó","c-r"
"u/158","≈ò","v-R"
"u/159","≈ô","v-r"
"u/15a","≈ö","acute-S"
"u/15b","≈õ","acute-s"
"u/15c","≈ú","^-S"
"u/15d","≈ù","^-s"
"u/15e","≈û","c-S"
"u/15f","≈ü","c-s"
"u/160","≈†","v-S"
"u/161","≈°","v-s"
"u/162","≈¢","c-T"
"u/163","≈£","c-t"
"u/164","≈§","v-T"
"u/165","≈•","v-t"
"u/166","≈¶","fontencoding-LELA-selectfontchar47"
"u/167","≈ß","fontencoding-LELA-selectfontchar63"
"u/168","≈®","~-U"
"u/169","≈©","~-u"
"u/16a","≈™","=-U"
"u/16b","≈´","=-u"
"u/16c","≈¨","u-U"
"u/16d","≈≠","u-u"
"u/16e","≈Æ","r-U"
"u/16f","≈Ø","r-u"
"u/170","≈∞","H-U"
"u/171","≈±","H-u"
"u/172","≈≤","k-U"
"u/173","≈≥","k-u"
"u/174","≈¥","^-W"
"u/175","≈µ","^-w"
"u/176","≈∂","^-Y"
"u/177","≈∑","^-y"
"u/178","≈∏","""-Y"
"u/179","≈π","acute-Z"
"u/17a","≈∫","acute-z"
"u/17b","≈ª",".-Z"
"u/17c","≈º",".-z"
"u/17d","≈Ω","v-Z"
"u/17e","≈æ","v-z"
"u/192","∆í","f"
"u/195","∆ï","texthvlig"
"u/19e","∆û","textnrleg"
"u/1aa","∆™","eth"
"u/1ba","∆∫","fontencoding-LELA-selectfontchar195"
"u/1c2","«Ç","textdoublepipe"
"u/1f5","«µ","acute-g"
"u/250","…ê","Elztrna"
"u/252","…í","Elztrnsa"
"u/254","…î","Elzopeno"
"u/256","…ñ","Elzrtld"
"u/258","…ò","fontencoding-LEIP-selectfontchar61"
"u/259","…ô","Elzschwa"
"u/25b","…õ","varepsilon"
"u/261","…°","g"
"u/263","…£","Elzpgamma"
"u/264","…§","Elzpbgam"
"u/265","…•","Elztrnh"
"u/26c","…¨","Elzbtdl"
"u/26d","…≠","Elzrtll"
"u/26f","…Ø","Elztrnm"
"u/270","…∞","Elztrnmlr"
"u/271","…±","Elzltlmr"
"u/272","…≤","Elzltln"
"u/273","…≥","Elzrtln"
"u/277","…∑","Elzclomeg"
"u/278","…∏","textphi"
"u/279","…π","Elztrnr"
"u/27a","…∫","Elztrnrl"
"u/27b","…ª","Elzrttrnr"
"u/27c","…º","Elzrl"
"u/27d","…Ω","Elzrtlr"
"u/27e","…æ","Elzfhr"
"u/27f","…ø","fontencoding-LEIP-selectfontchar202"
"u/282"," Ç","Elzrtls"
"u/283"," É","Elzesh"
"u/287"," á","Elztrnt"
"u/288"," à","Elzrtlt"
"u/28a"," ä","Elzpupsil"
"u/28b"," ã","Elzpscrv"
"u/28c"," å","Elzinvv"
"u/28d"," ç","Elzinvw"
"u/28e"," é","Elztrny"
"u/290"," ê","Elzrtlz"
"u/292"," í","Elzyogh"
"u/294"," î","Elzglst"
"u/295"," ï","Elzreglst"
"u/296"," ñ","Elzinglst"
"u/29e"," û","textturnk"
"u/2a4"," §","Elzdyogh"
"u/2a7"," ß","Elztesh"
"u/2bc"," º","acute"
"u/2c7","Àá","textasciicaron"
"u/2c8","Àà","Elzverts"
"u/2cc","Àå","Elzverti"
"u/2d0","Àê","Elzlmrk"
"u/2d1","Àë","Elzhlmrk"
"u/2d2","Àí","Elzsbrhr"
"u/2d3","Àì","Elzsblhr"
"u/2d4","Àî","Elzrais"
"u/2d5","Àï","Elzlow"
"u/2d8","Àò","textasciibreve"
"u/2d9","Àô","textperiodcentered"
"u/2da","Àö","r"
"u/2db","Àõ","k"
"u/2dc","Àú","texttildelow"
"u/2dd","Àù","H"
"u/2e5","À•","tone-55"
"u/2e6","À¶","tone-44"
"u/2e7","Àß","tone-33"
"u/2e8","À®","tone-22"
"u/2e9","À©","tone-11"
"u/300","ÃÄ","`"
"u/301","ÃÅ","acute"
"u/302","ÃÇ","^"
"u/303","ÃÉ","~"
"u/304","ÃÑ","="
"u/306","ÃÜ","u"
"u/307","Ãá","."
"u/308","Ãà",""""
"u/30a","Ãä","r"
"u/30b","Ãã","H"
"u/30c","Ãå","v"
"u/30f","Ãè","cyrcharC"
"u/311","Ãë","fontencoding-LECO-selectfontchar177"
"u/318","Ãò","fontencoding-LECO-selectfontchar184"
"u/319","Ãô","fontencoding-LECO-selectfontchar185"
"u/321","Ã°","Elzpalh"
"u/322","Ã¢","Elzrh"
"u/327","Ãß","c"
"u/328","Ã®","k"
"u/32a","Ã™","Elzsbbrg"
"u/32b","Ã´","fontencoding-LECO-selectfontchar203"
"u/32f","ÃØ","fontencoding-LECO-selectfontchar207"
"u/335","Ãµ","Elzxl"
"u/336","Ã∂","Elzbar"
"u/337","Ã∑","fontencoding-LECO-selectfontchar215"
"u/338","Ã∏","fontencoding-LECO-selectfontchar216"
"u/33a","Ã∫","fontencoding-LECO-selectfontchar218"
"u/33b","Ãª","fontencoding-LECO-selectfontchar219"
"u/33c","Ãº","fontencoding-LECO-selectfontchar220"
"u/33d","ÃΩ","fontencoding-LECO-selectfontchar221"
"u/361","Õ°","fontencoding-LECO-selectfontchar225"
"u/386","ŒÜ","acute-A"
"u/388","Œà","acute-E"
"u/389","Œâ","acute-H"
"u/38a","Œä","acute-I"
"u/38c","Œå","acute-O"
"u/38e","Œé","mathrm-acuteY"
"u/38f","Œè","mathrm-acuteOmega"
"u/390","Œê","acute-ddot-iota"
"u/391","Œë","Alpha"
"u/392","Œí","Beta"
"u/393","Œì","Gamma"
"u/394","Œî","Delta"
"u/395","Œï","Epsilon"
"u/396","Œñ","Zeta"
"u/397","Œó","Eta"
"u/398","Œò","Theta"
"u/399","Œô","Iota"
"u/39a","Œö","Kappa"
"u/39b","Œõ","Lambda"
"u/39c","Œú","M"
"u/39d","Œù","N"
"u/39e","Œû","Xi"
"u/39f","Œü","O"
"u/3a0","Œ†","Pi"
"u/3a1","Œ°","Rho"
"u/3a3","Œ£","Sigma"
"u/3a4","Œ§","Tau"
"u/3a5","Œ•","Upsilon"
"u/3a6","Œ¶","Phi"
"u/3a7","Œß","Chi"
"u/3a8","Œ®","Psi"
"u/3a9","Œ©","Omega"
"u/3aa","Œ™","mathrm-ddot-I"
"u/3ab","Œ´","mathrm-ddot-Y"
"u/3ac","Œ¨","acute-$alpha$"
"u/3ad","Œ≠","acute-epsilon"
"u/3ae","ŒÆ","acute-eta"
"u/3af","ŒØ","acute-iota"
"u/3b0","Œ∞","acute-ddot-upsilon"
"u/3b1","Œ±","alpha"
"u/3b2","Œ≤","beta"
"u/3b3","Œ≥","gamma"
"u/3b4","Œ¥","delta"
"u/3b5","Œµ","epsilon"
"u/3b6","Œ∂","zeta"
"u/3b7","Œ∑","eta"
"u/3b8","Œ∏","texttheta"
"u/3b9","Œπ","iota"
"u/3ba","Œ∫","kappa"
"u/3bb","Œª","lambda"
"u/3bc","Œº","mu"
"u/3bd","ŒΩ","nu"
"u/3be","Œæ","xi"
"u/3bf","Œø","o"
"u/3c0","œÄ","pi"
"u/3c1","œÅ","rho"
"u/3c2","œÇ","varsigma"
"u/3c3","œÉ","sigma"
"u/3c4","œÑ","tau"
"u/3c5","œÖ","upsilon"
"u/3c6","œÜ","varphi"
"u/3c7","œá","chi"
"u/3c8","œà","psi"
"u/3c9","œâ","omega"
"u/3ca","œä","ddot-iota"
"u/3cb","œã","ddot-upsilon"
"u/3cc","œå","acute-o"
"u/3cd","œç","acute-upsilon"
"u/3ce","œé","acute-omega"
"u/3d0","œê","Pisymbol-ppi022-87"
"u/3d1","œë","textvartheta"
"u/3d2","œí","Upsilon"
"u/3d5","œï","phi"
"u/3d6","œñ","varpi"
"u/3da","œö","Stigma"
"u/3dc","œú","Digamma"
"u/3dd","œù","digamma"
"u/3de","œû","Koppa"
"u/3e0","œ†","Sampi"
"u/3f0","œ∞","varkappa"
"u/3f1","œ±","varrho"
"u/3f4","œ¥","textTheta"
"u/3f6","œ∂","backepsilon"
"u/401","–Å","cyrcharCYRYO"
"u/402","–Ç","cyrcharCYRDJE"
"u/403","–É","cyrchar-acuteCYRG"
"u/404","–Ñ","cyrcharCYRIE"
"u/405","–Ö","cyrcharCYRDZE"
"u/406","–Ü","cyrcharCYRII"
"u/407","–á","cyrcharCYRYI"
"u/408","–à","cyrcharCYRJE"
"u/409","–â","cyrcharCYRLJE"
"u/40a","–ä","cyrcharCYRNJE"
"u/40b","–ã","cyrcharCYRTSHE"
"u/40c","–å","cyrchar-acuteCYRK"
"u/40e","–é","cyrcharCYRUSHRT"
"u/40f","–è","cyrcharCYRDZHE"
"u/410","–ê","cyrcharCYRA"
"u/411","–ë","cyrcharCYRB"
"u/412","–í","cyrcharCYRV"
"u/413","–ì","cyrcharCYRG"
"u/414","–î","cyrcharCYRD"
"u/415","–ï","cyrcharCYRE"
"u/416","–ñ","cyrcharCYRZH"
"u/417","–ó","cyrcharCYRZ"
"u/418","–ò","cyrcharCYRI"
"u/419","–ô","cyrcharCYRISHRT"
"u/41a","–ö","cyrcharCYRK"
"u/41b","–õ","cyrcharCYRL"
"u/41c","–ú","cyrcharCYRM"
"u/41d","–ù","cyrcharCYRN"
"u/41e","–û","cyrcharCYRO"
"u/41f","–ü","cyrcharCYRP"
"u/420","–†","cyrcharCYRR"
"u/421","–°","cyrcharCYRS"
"u/422","–¢","cyrcharCYRT"
"u/423","–£","cyrcharCYRU"
"u/424","–§","cyrcharCYRF"
"u/425","–•","cyrcharCYRH"
"u/426","–¶","cyrcharCYRC"
"u/427","–ß","cyrcharCYRCH"
"u/428","–®","cyrcharCYRSH"
"u/429","–©","cyrcharCYRSHCH"
"u/42a","–™","cyrcharCYRHRDSN"
"u/42b","–´","cyrcharCYRERY"
"u/42c","–¨","cyrcharCYRSFTSN"
"u/42d","–≠","cyrcharCYREREV"
"u/42e","–Æ","cyrcharCYRYU"
"u/42f","–Ø","cyrcharCYRYA"
"u/430","–∞","cyrcharcyra"
"u/431","–±","cyrcharcyrb"
"u/432","–≤","cyrcharcyrv"
"u/433","–≥","cyrcharcyrg"
"u/434","–¥","cyrcharcyrd"
"u/435","–µ","cyrcharcyre"
"u/436","–∂","cyrcharcyrzh"
"u/437","–∑","cyrcharcyrz"
"u/438","–∏","cyrcharcyri"
"u/439","–π","cyrcharcyrishrt"
"u/43a","–∫","cyrcharcyrk"
"u/43b","–ª","cyrcharcyrl"
"u/43c","–º","cyrcharcyrm"
"u/43d","–Ω","cyrcharcyrn"
"u/43e","–æ","cyrcharcyro"
"u/43f","–ø","cyrcharcyrp"
"u/440","—Ä","cyrcharcyrr"
"u/441","—Å","cyrcharcyrs"
"u/442","—Ç","cyrcharcyrt"
"u/443","—É","cyrcharcyru"
"u/444","—Ñ","cyrcharcyrf"
"u/445","—Ö","cyrcharcyrh"
"u/446","—Ü","cyrcharcyrc"
"u/447","—á","cyrcharcyrch"
"u/448","—à","cyrcharcyrsh"
"u/449","—â","cyrcharcyrshch"
"u/44a","—ä","cyrcharcyrhrdsn"
"u/44b","—ã","cyrcharcyrery"
"u/44c","—å","cyrcharcyrsftsn"
"u/44d","—ç","cyrcharcyrerev"
"u/44e","—é","cyrcharcyryu"
"u/44f","—è","cyrcharcyrya"
"u/451","—ë","cyrcharcyryo"
"u/452","—í","cyrcharcyrdje"
"u/453","—ì","cyrchar-acutecyrg"
"u/454","—î","cyrcharcyrie"
"u/455","—ï","cyrcharcyrdze"
"u/456","—ñ","cyrcharcyrii"
"u/457","—ó","cyrcharcyryi"
"u/458","—ò","cyrcharcyrje"
"u/459","—ô","cyrcharcyrlje"
"u/45a","—ö","cyrcharcyrnje"
"u/45b","—õ","cyrcharcyrtshe"
"u/45c","—ú","cyrchar-acutecyrk"
"u/45e","—û","cyrcharcyrushrt"
"u/45f","—ü","cyrcharcyrdzhe"
"u/460","—†","cyrcharCYROMEGA"
"u/461","—°","cyrcharcyromega"
"u/462","—¢","cyrcharCYRYAT"
"u/464","—§","cyrcharCYRIOTE"
"u/465","—•","cyrcharcyriote"
"u/466","—¶","cyrcharCYRLYUS"
"u/467","—ß","cyrcharcyrlyus"
"u/468","—®","cyrcharCYRIOTLYUS"
"u/469","—©","cyrcharcyriotlyus"
"u/46a","—™","cyrcharCYRBYUS"
"u/46c","—¨","cyrcharCYRIOTBYUS"
"u/46d","—≠","cyrcharcyriotbyus"
"u/46e","—Æ","cyrcharCYRKSI"
"u/46f","—Ø","cyrcharcyrksi"
"u/470","—∞","cyrcharCYRPSI"
"u/471","—±","cyrcharcyrpsi"
"u/472","—≤","cyrcharCYRFITA"
"u/474","—¥","cyrcharCYRIZH"
"u/478","—∏","cyrcharCYRUK"
"u/479","—π","cyrcharcyruk"
"u/47a","—∫","cyrcharCYROMEGARND"
"u/47b","—ª","cyrcharcyromegarnd"
"u/47c","—º","cyrcharCYROMEGATITLO"
"u/47d","—Ω","cyrcharcyromegatitlo"
"u/47e","—æ","cyrcharCYROT"
"u/47f","—ø","cyrcharcyrot"
"u/480","“Ä","cyrcharCYRKOPPA"
"u/481","“Å","cyrcharcyrkoppa"
"u/482","“Ç","cyrcharcyrthousands"
"u/488","“à","cyrcharcyrhundredthousands"
"u/489","“â","cyrcharcyrmillions"
"u/48c","“å","cyrcharCYRSEMISFTSN"
"u/48d","“ç","cyrcharcyrsemisftsn"
"u/48e","“é","cyrcharCYRRTICK"
"u/48f","“è","cyrcharcyrrtick"
"u/490","“ê","cyrcharCYRGUP"
"u/491","“ë","cyrcharcyrgup"
"u/492","“í","cyrcharCYRGHCRS"
"u/493","“ì","cyrcharcyrghcrs"
"u/494","“î","cyrcharCYRGHK"
"u/495","“ï","cyrcharcyrghk"
"u/496","“ñ","cyrcharCYRZHDSC"
"u/497","“ó","cyrcharcyrzhdsc"
"u/498","“ò","cyrcharCYRZDSC"
"u/499","“ô","cyrcharcyrzdsc"
"u/49a","“ö","cyrcharCYRKDSC"
"u/49b","“õ","cyrcharcyrkdsc"
"u/49c","“ú","cyrcharCYRKVCRS"
"u/49d","“ù","cyrcharcyrkvcrs"
"u/49e","“û","cyrcharCYRKHCRS"
"u/49f","“ü","cyrcharcyrkhcrs"
"u/4a0","“†","cyrcharCYRKBEAK"
"u/4a1","“°","cyrcharcyrkbeak"
"u/4a2","“¢","cyrcharCYRNDSC"
"u/4a3","“£","cyrcharcyrndsc"
"u/4a4","“§","cyrcharCYRNG"
"u/4a5","“•","cyrcharcyrng"
"u/4a6","“¶","cyrcharCYRPHK"
"u/4a7","“ß","cyrcharcyrphk"
"u/4a8","“®","cyrcharCYRABHHA"
"u/4a9","“©","cyrcharcyrabhha"
"u/4aa","“™","cyrcharCYRSDSC"
"u/4ab","“´","cyrcharcyrsdsc"
"u/4ac","“¨","cyrcharCYRTDSC"
"u/4ad","“≠","cyrcharcyrtdsc"
"u/4ae","“Æ","cyrcharCYRY"
"u/4af","“Ø","cyrcharcyry"
"u/4b0","“∞","cyrcharCYRYHCRS"
"u/4b1","“±","cyrcharcyryhcrs"
"u/4b2","“≤","cyrcharCYRHDSC"
"u/4b3","“≥","cyrcharcyrhdsc"
"u/4b4","“¥","cyrcharCYRTETSE"
"u/4b5","“µ","cyrcharcyrtetse"
"u/4b6","“∂","cyrcharCYRCHRDSC"
"u/4b7","“∑","cyrcharcyrchrdsc"
"u/4b8","“∏","cyrcharCYRCHVCRS"
"u/4b9","“π","cyrcharcyrchvcrs"
"u/4ba","“∫","cyrcharCYRSHHA"
"u/4bb","“ª","cyrcharcyrshha"
"u/4bc","“º","cyrcharCYRABHCH"
"u/4bd","“Ω","cyrcharcyrabhch"
"u/4be","“æ","cyrcharCYRABHCHDSC"
"u/4bf","“ø","cyrcharcyrabhchdsc"
"u/4c0","”Ä","cyrcharCYRpalochka"
"u/4c3","”É","cyrcharCYRKHK"
"u/4c4","”Ñ","cyrcharcyrkhk"
"u/4c7","”á","cyrcharCYRNHK"
"u/4c8","”à","cyrcharcyrnhk"
"u/4cb","”ã","cyrcharCYRCHLDSC"
"u/4cc","”å","cyrcharcyrchldsc"
"u/4d4","”î","cyrcharCYRAE"
"u/4d5","”ï","cyrcharcyrae"
"u/4d8","”ò","cyrcharCYRSCHWA"
"u/4d9","”ô","cyrcharcyrschwa"
"u/4e0","”†","cyrcharCYRABHDZE"
"u/4e1","”°","cyrcharcyrabhdze"
"u/4e8","”®","cyrcharCYROTLD"
"u/4e9","”©","cyrcharcyrotld"
"u/2010","‚Äê",""
"u/2013","‚Äì","textendash"
"u/2014","‚Äî","textemdash"
"u/2015","‚Äï","rule-1em-1pt"
"u/2016","‚Äñ","Vert"
"u/2018","‚Äò","`"
"u/2019","‚Äô","acute"
"u/201a","‚Äö",","
"u/201b","‚Äõ","Elzreapos"
"u/201c","‚Äú","textquotedblleft"
"u/201d","‚Äù","textquotedblright"
"u/201e","‚Äû",",,"
"u/2020","‚Ä†","textdagger"
"u/2021","‚Ä°","textdaggerdbl"
"u/2022","‚Ä¢","textbullet"
"u/2024","‚Ä§","."
"u/2025","‚Ä•",".."
"u/2026","‚Ä¶","ldots"
"u/2030","‚Ä∞","textperthousand"
"u/2031","‚Ä±","textpertenthousand"
"u/2032","‚Ä≤","acute"
"u/2033","‚Ä≥","acuteacute"
"u/2034","‚Ä¥","acuteacuteacute"
"u/2035","‚Äµ","backprime"
"u/2039","‚Äπ","guilsinglleft"
"u/203a","‚Ä∫","guilsinglright"
"u/2057","‚Åó","acuteacuteacuteacute"
"u/2060","‚Å†","nolinebreak"
"u/20a7","‚Çß","ensuremath-Elzpes"
"u/20ac","‚Ç¨","mbox-texteuro"
"u/20db","‚Éõ","dddot"
"u/20dc","‚Éú","ddddot"
"u/2102","‚ÑÇ","mathbb-C"
"u/210a","‚Ñä","mathscr-g"
"u/210b","‚Ñã","mathscr-H"
"u/210c","‚Ñå","mathfrak-H"
"u/210d","‚Ñç","mathbb-H"
"u/210f","‚Ñè","hslash"
"u/2110","‚Ñê","mathscr-I"
"u/2111","‚Ñë","mathfrak-I"
"u/2112","‚Ñí","mathscr-L"
"u/2113","‚Ñì","mathscr-l"
"u/2115","‚Ñï","mathbb-N"
"u/2116","‚Ññ","cyrchartextnumero"
"u/2118","‚Ñò","wp"
"u/2119","‚Ñô","mathbb-P"
"u/211a","‚Ñö","mathbb-Q"
"u/211b","‚Ñõ","mathscr-R"
"u/211c","‚Ñú","mathfrak-R"
"u/211d","‚Ñù","mathbb-R"
"u/211e","‚Ñû","Elzxrat"
"u/2122","‚Ñ¢","texttrademark"
"u/2124","‚Ñ§","mathbb-Z"
"u/2126","‚Ñ¶","Omega"
"u/2127","‚Ñß","mho"
"u/2128","‚Ñ®","mathfrak-Z"
"u/2129","‚Ñ©","ElsevierGlyph-2129"
"u/212b","‚Ñ´","AA"
"u/212c","‚Ñ¨","mathscr-B"
"u/212d","‚Ñ≠","mathfrak-C"
"u/212f","‚ÑØ","mathscr-e"
"u/2130","‚Ñ∞","mathscr-E"
"u/2131","‚Ñ±","mathscr-F"
"u/2133","‚Ñ≥","mathscr-M"
"u/2134","‚Ñ¥","mathscr-o"
"u/2135","‚Ñµ","aleph"
"u/2136","‚Ñ∂","beth"
"u/2137","‚Ñ∑","gimel"
"u/2138","‚Ñ∏","daleth"
"u/2153","‚Öì","textfrac-1-3"
"u/2154","‚Öî","textfrac-2-3"
"u/2155","‚Öï","textfrac-1-5"
"u/2156","‚Öñ","textfrac-2-5"
"u/2157","‚Öó","textfrac-3-5"
"u/2158","‚Öò","textfrac-4-5"
"u/2159","‚Öô","textfrac-1-6"
"u/215a","‚Öö","textfrac-5-6"
"u/215b","‚Öõ","textfrac-1-8"
"u/215c","‚Öú","textfrac-3-8"
"u/215d","‚Öù","textfrac-5-8"
"u/215e","‚Öû","textfrac-7-8"
"u/2190","‚Üê","leftarrow"
"u/2191","‚Üë","uparrow"
"u/2192","‚Üí","rightarrow"
"u/2193","‚Üì","downarrow"
"u/2194","‚Üî","leftrightarrow"
"u/2195","‚Üï","updownarrow"
"u/2196","‚Üñ","nwarrow"
"u/2197","‚Üó","nearrow"
"u/2198","‚Üò","searrow"
"u/2199","‚Üô","swarrow"
"u/219a","‚Üö","nleftarrow"
"u/219b","‚Üõ","nrightarrow"
"u/219c","‚Üú","arrowwaveleft"
"u/219d","‚Üù","arrowwaveright"
"u/219e","‚Üû","twoheadleftarrow"
"u/21a0","‚Ü†","twoheadrightarrow"
"u/21a2","‚Ü¢","leftarrowtail"
"u/21a3","‚Ü£","rightarrowtail"
"u/21a6","‚Ü¶","mapsto"
"u/21a9","‚Ü©","hookleftarrow"
"u/21aa","‚Ü™","hookrightarrow"
"u/21ab","‚Ü´","looparrowleft"
"u/21ac","‚Ü¨","looparrowright"
"u/21ad","‚Ü≠","leftrightsquigarrow"
"u/21ae","‚ÜÆ","nleftrightarrow"
"u/21b0","‚Ü∞","Lsh"
"u/21b1","‚Ü±","Rsh"
"u/21b3","‚Ü≥","ElsevierGlyph-21B3"
"u/21b6","‚Ü∂","curvearrowleft"
"u/21b7","‚Ü∑","curvearrowright"
"u/21ba","‚Ü∫","circlearrowleft"
"u/21bb","‚Üª","circlearrowright"
"u/21bc","‚Üº","leftharpoonup"
"u/21bd","‚ÜΩ","leftharpoondown"
"u/21be","‚Üæ","upharpoonright"
"u/21bf","‚Üø","upharpoonleft"
"u/21c0","‚áÄ","rightharpoonup"
"u/21c1","‚áÅ","rightharpoondown"
"u/21c2","‚áÇ","downharpoonright"
"u/21c3","‚áÉ","downharpoonleft"
"u/21c4","‚áÑ","rightleftarrows"
"u/21c5","‚áÖ","dblarrowupdown"
"u/21c6","‚áÜ","leftrightarrows"
"u/21c7","‚áá","leftleftarrows"
"u/21c8","‚áà","upuparrows"
"u/21c9","‚áâ","rightrightarrows"
"u/21ca","‚áä","downdownarrows"
"u/21cb","‚áã","leftrightharpoons"
"u/21cc","‚áå","rightleftharpoons"
"u/21cd","‚áç","nLeftarrow"
"u/21ce","‚áé","nLeftrightarrow"
"u/21cf","‚áè","nRightarrow"
"u/21d0","‚áê","Leftarrow"
"u/21d1","‚áë","Uparrow"
"u/21d2","‚áí","Rightarrow"
"u/21d3","‚áì","Downarrow"
"u/21d4","‚áî","Leftrightarrow"
"u/21d5","‚áï","Updownarrow"
"u/21da","‚áö","Lleftarrow"
"u/21db","‚áõ","Rrightarrow"
"u/21dd","‚áù","rightsquigarrow"
"u/21f5","‚áµ","DownArrowUpArrow"
"u/2200","‚àÄ","forall"
"u/2201","‚àÅ","complement"
"u/2202","‚àÇ","partial"
"u/2203","‚àÉ","exists"
"u/2204","‚àÑ","nexists"
"u/2205","‚àÖ","varnothing"
"u/2207","‚àá","nabla"
"u/2208","‚àà","in"
"u/2209","‚àâ","notin"
"u/220b","‚àã","ni"
"u/220c","‚àå","notni"
"u/220f","‚àè","prod"
"u/2210","‚àê","coprod"
"u/2211","‚àë","sum"
"u/2212","‚àí",""
"u/2213","‚àì","mp"
"u/2214","‚àî","dotplus"
"u/2216","‚àñ","setminus"
"u/2217","‚àó","_ast"
"u/2218","‚àò","circ"
"u/2219","‚àô","bullet"
"u/221a","‚àö","surd"
"u/221d","‚àù","propto"
"u/221e","‚àû","infty"
"u/221f","‚àü","rightangle"
"u/2220","‚à†","angle"
"u/2221","‚à°","measuredangle"
"u/2222","‚à¢","sphericalangle"
"u/2223","‚à£","mid"
"u/2224","‚à§","nmid"
"u/2225","‚à•","parallel"
"u/2226","‚à¶","nparallel"
"u/2227","‚àß","wedge"
"u/2228","‚à®","vee"
"u/2229","‚à©","cap"
"u/222a","‚à™","cup"
"u/222b","‚à´","int"
"u/222c","‚à¨","int!int"
"u/222d","‚à≠","int!int!int"
"u/222e","‚àÆ","oint"
"u/222f","‚àØ","surfintegral"
"u/2230","‚à∞","volintegral"
"u/2231","‚à±","clwintegral"
"u/2232","‚à≤","ElsevierGlyph-2232"
"u/2233","‚à≥","ElsevierGlyph-2233"
"u/2234","‚à¥","therefore"
"u/2235","‚àµ","because"
"u/2237","‚à∑","Colon"
"u/2238","‚à∏","ElsevierGlyph-2238"
"u/223a","‚à∫","mathbin-:-!!-!!-:"
"u/223b","‚àª","homothetic"
"u/223c","‚àº","sim"
"u/223d","‚àΩ","backsim"
"u/223e","‚àæ","lazysinv"
"u/2240","‚âÄ","wr"
"u/2241","‚âÅ","notsim"
"u/2242","‚âÇ","ElsevierGlyph-2242"
"u/2243","‚âÉ","simeq"
"u/2244","‚âÑ","notsimeq"
"u/2245","‚âÖ","cong"
"u/2246","‚âÜ","approxnotequal"
"u/2247","‚âá","notcong"
"u/2248","‚âà","approx"
"u/2249","‚ââ","notapprox"
"u/224a","‚âä","approxeq"
"u/224b","‚âã","tildetrpl"
"u/224c","‚âå","allequal"
"u/224d","‚âç","asymp"
"u/224e","‚âé","Bumpeq"
"u/224f","‚âè","bumpeq"
"u/2250","‚âê","doteq"
"u/2251","‚âë","doteqdot"
"u/2252","‚âí","fallingdotseq"
"u/2253","‚âì","risingdotseq"
"u/2254","‚âî",":="
"u/2255","‚âï","=:"
"u/2256","‚âñ","eqcirc"
"u/2257","‚âó","circeq"
"u/2259","‚âô","estimates"
"u/225a","‚âö","ElsevierGlyph-225A"
"u/225b","‚âõ","starequal"
"u/225c","‚âú","triangleq"
"u/225f","‚âü","ElsevierGlyph-225F"
"u/2260","‚â†","not ="
"u/2261","‚â°","equiv"
"u/2262","‚â¢","notequiv"
"u/2264","‚â§","leq"
"u/2265","‚â•","geq"
"u/2266","‚â¶","leqq"
"u/2267","‚âß","geqq"
"u/2268","‚â®","lneqq"
"u/2269","‚â©","gneqq"
"u/226a","‚â™","ll"
"u/226b","‚â´","gg"
"u/226c","‚â¨","between"
"u/226d","‚â≠","notkern-0.3emtimes"
"u/226e","‚âÆ","not<"
"u/226f","‚âØ","not>"
"u/2270","‚â∞","notleq"
"u/2271","‚â±","notgeq"
"u/2272","‚â≤","lessequivlnt"
"u/2273","‚â≥","greaterequivlnt"
"u/2274","‚â¥","ElsevierGlyph-2274"
"u/2275","‚âµ","ElsevierGlyph-2275"
"u/2276","‚â∂","lessgtr"
"u/2277","‚â∑","gtrless"
"u/2278","‚â∏","notlessgreater"
"u/2279","‚âπ","notgreaterless"
"u/227a","‚â∫","prec"
"u/227b","‚âª","succ"
"u/227c","‚âº","preccurlyeq"
"u/227d","‚âΩ","succcurlyeq"
"u/227e","‚âæ","precapprox"
"u/227f","‚âø","succapprox"
"u/2280","‚äÄ","notprec"
"u/2281","‚äÅ","notsucc"
"u/2282","‚äÇ","subset"
"u/2283","‚äÉ","supset"
"u/2284","‚äÑ","notsubset"
"u/2285","‚äÖ","notsupset"
"u/2286","‚äÜ","subseteq"
"u/2287","‚äá","supseteq"
"u/2288","‚äà","notsubseteq"
"u/2289","‚äâ","notsupseteq"
"u/228a","‚ää","subsetneq"
"u/228b","‚äã","supsetneq"
"u/228e","‚äé","uplus"
"u/228f","‚äè","sqsubset"
"u/2290","‚äê","sqsupset"
"u/2291","‚äë","sqsubseteq"
"u/2292","‚äí","sqsupseteq"
"u/2293","‚äì","sqcap"
"u/2294","‚äî","sqcup"
"u/2295","‚äï","oplus"
"u/2296","‚äñ","ominus"
"u/2297","‚äó","otimes"
"u/2298","‚äò","oslash"
"u/2299","‚äô","odot"
"u/229a","‚äö","circledcirc"
"u/229b","‚äõ","circledast"
"u/229d","‚äù","circleddash"
"u/229e","‚äû","boxplus"
"u/229f","‚äü","boxminus"
"u/22a0","‚ä†","boxtimes"
"u/22a1","‚ä°","boxdot"
"u/22a2","‚ä¢","vdash"
"u/22a3","‚ä£","dashv"
"u/22a4","‚ä§","top"
"u/22a5","‚ä•","perp"
"u/22a7","‚äß","truestate"
"u/22a8","‚ä®","forcesextra"
"u/22a9","‚ä©","Vdash"
"u/22aa","‚ä™","Vvdash"
"u/22ab","‚ä´","VDash"
"u/22ac","‚ä¨","nvdash"
"u/22ad","‚ä≠","nvDash"
"u/22ae","‚äÆ","nVdash"
"u/22af","‚äØ","nVDash"
"u/22b2","‚ä≤","vartriangleleft"
"u/22b3","‚ä≥","vartriangleright"
"u/22b4","‚ä¥","trianglelefteq"
"u/22b5","‚äµ","trianglerighteq"
"u/22b6","‚ä∂","original"
"u/22b7","‚ä∑","image"
"u/22b8","‚ä∏","multimap"
"u/22b9","‚äπ","hermitconjmatrix"
"u/22ba","‚ä∫","intercal"
"u/22bb","‚äª","veebar"
"u/22be","‚äæ","rightanglearc"
"u/22c0","‚ãÄ","ElsevierGlyph-22C0"
"u/22c1","‚ãÅ","ElsevierGlyph-22C1"
"u/22c2","‚ãÇ","bigcap"
"u/22c3","‚ãÉ","bigcup"
"u/22c4","‚ãÑ","diamond"
"u/22c5","‚ãÖ","cdot"
"u/22c6","‚ãÜ","star"
"u/22c7","‚ãá","divideontimes"
"u/22c8","‚ãà","bowtie"
"u/22c9","‚ãâ","ltimes"
"u/22ca","‚ãä","rtimes"
"u/22cb","‚ãã","leftthreetimes"
"u/22cc","‚ãå","rightthreetimes"
"u/22cd","‚ãç","backsimeq"
"u/22ce","‚ãé","curlyvee"
"u/22cf","‚ãè","curlywedge"
"u/22d0","‚ãê","Subset"
"u/22d1","‚ãë","Supset"
"u/22d2","‚ãí","Cap"
"u/22d3","‚ãì","Cup"
"u/22d4","‚ãî","pitchfork"
"u/22d6","‚ãñ","lessdot"
"u/22d7","‚ãó","gtrdot"
"u/22d8","‚ãò","verymuchless"
"u/22d9","‚ãô","verymuchgreater"
"u/22da","‚ãö","lesseqgtr"
"u/22db","‚ãõ","gtreqless"
"u/22de","‚ãû","curlyeqprec"
"u/22df","‚ãü","curlyeqsucc"
"u/22e2","‚ã¢","notsqsubseteq"
"u/22e3","‚ã£","notsqsupseteq"
"u/22e5","‚ã•","Elzsqspne"
"u/22e6","‚ã¶","lnsim"
"u/22e7","‚ãß","gnsim"
"u/22e8","‚ã®","precedesnotsimilar"
"u/22e9","‚ã©","succnsim"
"u/22ea","‚ã™","ntriangleleft"
"u/22eb","‚ã´","ntriangleright"
"u/22ec","‚ã¨","ntrianglelefteq"
"u/22ed","‚ã≠","ntrianglerighteq"
"u/22ee","‚ãÆ","vdots"
"u/22ef","‚ãØ","cdots"
"u/22f0","‚ã∞","upslopeellipsis"
"u/22f1","‚ã±","downslopeellipsis"
"u/2305","‚åÖ","barwedge"
"u/2306","‚åÜ","varperspcorrespond"
"u/2308","‚åà","lceil"
"u/2309","‚åâ","rceil"
"u/230a","‚åä","lfloor"
"u/230b","‚åã","rfloor"
"u/2315","‚åï","recorder"
"u/2316","‚åñ","mathchar""2208"
"u/231c","‚åú","ulcorner"
"u/231d","‚åù","urcorner"
"u/231e","‚åû","llcorner"
"u/231f","‚åü","lrcorner"
"u/2322","‚å¢","frown"
"u/2323","‚å£","smile"
"u/233d","‚åΩ","ElsevierGlyph-E838"
"u/23a3","‚é£","Elzdlcorn"
"u/23b0","‚é∞","lmoustache"
"u/23b1","‚é±","rmoustache"
"u/2423","‚ê£","textvisiblespace"
"u/2460","‚ë†","ding-172"
"u/2461","‚ë°","ding-173"
"u/2462","‚ë¢","ding-174"
"u/2463","‚ë£","ding-175"
"u/2464","‚ë§","ding-176"
"u/2465","‚ë•","ding-177"
"u/2466","‚ë¶","ding-178"
"u/2467","‚ëß","ding-179"
"u/2468","‚ë®","ding-180"
"u/2469","‚ë©","ding-181"
"u/24c8","‚ìà","circledS"
"u/2506","‚îÜ","Elzdshfnc"
"u/2519","‚îô","Elzsqfnw"
"u/2571","‚ï±","diagup"
"u/25a0","‚ñ†","ding-110"
"u/25a1","‚ñ°","square"
"u/25aa","‚ñ™","blacksquare"
"u/25ad","‚ñ≠","fbox-~~"
"u/25af","‚ñØ","Elzvrecto"
"u/25b1","‚ñ±","ElsevierGlyph-E381"
"u/25b2","‚ñ≤","ding-115"
"u/25b3","‚ñ≥","bigtriangleup"
"u/25b4","‚ñ¥","blacktriangle"
"u/25b5","‚ñµ","vartriangle"
"u/25b8","‚ñ∏","blacktriangleright"
"u/25b9","‚ñπ","triangleright"
"u/25bc","‚ñº","ding-116"
"u/25bd","‚ñΩ","bigtriangledown"
"u/25be","‚ñæ","blacktriangledown"
"u/25bf","‚ñø","triangledown"
"u/25c2","‚óÇ","blacktriangleleft"
"u/25c3","‚óÉ","triangleleft"
"u/25c6","‚óÜ","ding-117"
"u/25ca","‚óä","lozenge"
"u/25cb","‚óã","bigcirc"
"u/25cf","‚óè","ding-108"
"u/25d0","‚óê","Elzcirfl"
"u/25d1","‚óë","Elzcirfr"
"u/25d2","‚óí","Elzcirfb"
"u/25d7","‚óó","ding-119"
"u/25d8","‚óò","Elzrvbull"
"u/25e7","‚óß","Elzsqfl"
"u/25e8","‚ó®","Elzsqfr"
"u/25ea","‚ó™","Elzsqfse"
"u/25ef","‚óØ","bigcirc"
"u/2605","‚òÖ","ding-72"
"u/2606","‚òÜ","ding-73"
"u/260e","‚òé","ding-37"
"u/261b","‚òõ","ding-42"
"u/261e","‚òû","ding-43"
"u/263e","‚òæ","rightmoon"
"u/263f","‚òø","mercury"
"u/2640","‚ôÄ","venus"
"u/2642","‚ôÇ","male"
"u/2643","‚ôÉ","jupiter"
"u/2644","‚ôÑ","saturn"
"u/2645","‚ôÖ","uranus"
"u/2646","‚ôÜ","neptune"
"u/2647","‚ôá","pluto"
"u/2648","‚ôà","aries"
"u/2649","‚ôâ","taurus"
"u/264a","‚ôä","gemini"
"u/264b","‚ôã","cancer"
"u/264c","‚ôå","leo"
"u/264d","‚ôç","virgo"
"u/264e","‚ôé","libra"
"u/264f","‚ôè","scorpio"
"u/2650","‚ôê","sagittarius"
"u/2651","‚ôë","capricornus"
"u/2652","‚ôí","aquarius"
"u/2653","‚ôì","pisces"
"u/2660","‚ô†","ding-171"
"u/2662","‚ô¢","diamond"
"u/2663","‚ô£","ding-168"
"u/2665","‚ô•","ding-170"
"u/2666","‚ô¶","ding-169"
"u/2669","‚ô©","quarternote"
"u/266a","‚ô™","eighthnote"
"u/266d","‚ô≠","flat"
"u/266e","‚ôÆ","natural"
"u/266f","‚ôØ","sharp"
"u/2701","‚úÅ","ding-33"
"u/2702","‚úÇ","ding-34"
"u/2703","‚úÉ","ding-35"
"u/2704","‚úÑ","ding-36"
"u/2706","‚úÜ","ding-38"
"u/2707","‚úá","ding-39"
"u/2708","‚úà","ding-40"
"u/2709","‚úâ","ding-41"
"u/270c","‚úå","ding-44"
"u/270d","‚úç","ding-45"
"u/270e","‚úé","ding-46"
"u/270f","‚úè","ding-47"
"u/2710","‚úê","ding-48"
"u/2711","‚úë","ding-49"
"u/2712","‚úí","ding-50"
"u/2713","‚úì","ding-51"
"u/2714","‚úî","ding-52"
"u/2715","‚úï","ding-53"
"u/2716","‚úñ","ding-54"
"u/2717","‚úó","ding-55"
"u/2718","‚úò","ding-56"
"u/2719","‚úô","ding-57"
"u/271a","‚úö","ding-58"
"u/271b","‚úõ","ding-59"
"u/271c","‚úú","ding-60"
"u/271d","‚úù","ding-61"
"u/271e","‚úû","ding-62"
"u/271f","‚úü","ding-63"
"u/2720","‚ú†","ding-64"
"u/2721","‚ú°","ding-65"
"u/2722","‚ú¢","ding-66"
"u/2723","‚ú£","ding-67"
"u/2724","‚ú§","ding-68"
"u/2725","‚ú•","ding-69"
"u/2726","‚ú¶","ding-70"
"u/2727","‚úß","ding-71"
"u/2729","‚ú©","ding-73"
"u/272a","‚ú™","ding-74"
"u/272b","‚ú´","ding-75"
"u/272c","‚ú¨","ding-76"
"u/272d","‚ú≠","ding-77"
"u/272e","‚úÆ","ding-78"
"u/272f","‚úØ","ding-79"
"u/2730","‚ú∞","ding-80"
"u/2731","‚ú±","ding-81"
"u/2732","‚ú≤","ding-82"
"u/2733","‚ú≥","ding-83"
"u/2734","‚ú¥","ding-84"
"u/2735","‚úµ","ding-85"
"u/2736","‚ú∂","ding-86"
"u/2737","‚ú∑","ding-87"
"u/2738","‚ú∏","ding-88"
"u/2739","‚úπ","ding-89"
"u/273a","‚ú∫","ding-90"
"u/273b","‚úª","ding-91"
"u/273c","‚úº","ding-92"
"u/273d","‚úΩ","ding-93"
"u/273e","‚úæ","ding-94"
"u/273f","‚úø","ding-95"
"u/2740","‚ùÄ","ding-96"
"u/2741","‚ùÅ","ding-97"
"u/2742","‚ùÇ","ding-98"
"u/2743","‚ùÉ","ding-99"
"u/2744","‚ùÑ","ding-100"
"u/2745","‚ùÖ","ding-101"
"u/2746","‚ùÜ","ding-102"
"u/2747","‚ùá","ding-103"
"u/2748","‚ùà","ding-104"
"u/2749","‚ùâ","ding-105"
"u/274a","‚ùä","ding-106"
"u/274b","‚ùã","ding-107"
"u/274d","‚ùç","ding-109"
"u/274f","‚ùè","ding-111"
"u/2750","‚ùê","ding-112"
"u/2751","‚ùë","ding-113"
"u/2752","‚ùí","ding-114"
"u/2756","‚ùñ","ding-118"
"u/2758","‚ùò","ding-120"
"u/2759","‚ùô","ding-121"
"u/275a","‚ùö","ding-122"
"u/275b","‚ùõ","ding-123"
"u/275c","‚ùú","ding-124"
"u/275d","‚ùù","ding-125"
"u/275e","‚ùû","ding-126"
"u/2761","‚ù°","ding-161"
"u/2762","‚ù¢","ding-162"
"u/2763","‚ù£","ding-163"
"u/2764","‚ù§","ding-164"
"u/2765","‚ù•","ding-165"
"u/2766","‚ù¶","ding-166"
"u/2767","‚ùß","ding-167"
"u/2776","‚ù∂","ding-182"
"u/2777","‚ù∑","ding-183"
"u/2778","‚ù∏","ding-184"
"u/2779","‚ùπ","ding-185"
"u/277a","‚ù∫","ding-186"
"u/277b","‚ùª","ding-187"
"u/277c","‚ùº","ding-188"
"u/277d","‚ùΩ","ding-189"
"u/277e","‚ùæ","ding-190"
"u/277f","‚ùø","ding-191"
"u/2780","‚ûÄ","ding-192"
"u/2781","‚ûÅ","ding-193"
"u/2782","‚ûÇ","ding-194"
"u/2783","‚ûÉ","ding-195"
"u/2784","‚ûÑ","ding-196"
"u/2785","‚ûÖ","ding-197"
"u/2786","‚ûÜ","ding-198"
"u/2787","‚ûá","ding-199"
"u/2788","‚ûà","ding-200"
"u/2789","‚ûâ","ding-201"
"u/278a","‚ûä","ding-202"
"u/278b","‚ûã","ding-203"
"u/278c","‚ûå","ding-204"
"u/278d","‚ûç","ding-205"
"u/278e","‚ûé","ding-206"
"u/278f","‚ûè","ding-207"
"u/2790","‚ûê","ding-208"
"u/2791","‚ûë","ding-209"
"u/2792","‚ûí","ding-210"
"u/2793","‚ûì","ding-211"
"u/2794","‚ûî","ding-212"
"u/2798","‚ûò","ding-216"
"u/2799","‚ûô","ding-217"
"u/279a","‚ûö","ding-218"
"u/279b","‚ûõ","ding-219"
"u/279c","‚ûú","ding-220"
"u/279d","‚ûù","ding-221"
"u/279e","‚ûû","ding-222"
"u/279f","‚ûü","ding-223"
"u/27a0","‚û†","ding-224"
"u/27a1","‚û°","ding-225"
"u/27a2","‚û¢","ding-226"
"u/27a3","‚û£","ding-227"
"u/27a4","‚û§","ding-228"
"u/27a5","‚û•","ding-229"
"u/27a6","‚û¶","ding-230"
"u/27a7","‚ûß","ding-231"
"u/27a8","‚û®","ding-232"
"u/27a9","‚û©","ding-233"
"u/27aa","‚û™","ding-234"
"u/27ab","‚û´","ding-235"
"u/27ac","‚û¨","ding-236"
"u/27ad","‚û≠","ding-237"
"u/27ae","‚ûÆ","ding-238"
"u/27af","‚ûØ","ding-239"
"u/27b1","‚û±","ding-241"
"u/27b2","‚û≤","ding-242"
"u/27b3","‚û≥","ding-243"
"u/27b4","‚û¥","ding-244"
"u/27b5","‚ûµ","ding-245"
"u/27b6","‚û∂","ding-246"
"u/27b7","‚û∑","ding-247"
"u/27b8","‚û∏","ding-248"
"u/27b9","‚ûπ","ding-249"
"u/27ba","‚û∫","ding-250"
"u/27bb","‚ûª","ding-251"
"u/27bc","‚ûº","ding-252"
"u/27bd","‚ûΩ","ding-253"
"u/27be","‚ûæ","ding-254"
"u/27e8","‚ü®","langle"
"u/27e9","‚ü©","rangle"
"u/27f5","‚üµ","longleftarrow"
"u/27f6","‚ü∂","longrightarrow"
"u/27f7","‚ü∑","longleftrightarrow"
"u/27f8","‚ü∏","Longleftarrow"
"u/27f9","‚üπ","Longrightarrow"
"u/27fa","‚ü∫","Longleftrightarrow"
"u/27fc","‚üº","longmapsto"
"u/27ff","‚üø","simjoinrelleadsto"
"u/2905","‚§Ö","ElsevierGlyph-E212"
"u/2912","‚§í","UpArrowBar"
"u/2913","‚§ì","DownArrowBar"
"u/2923","‚§£","ElsevierGlyph-E20C"
"u/2924","‚§§","ElsevierGlyph-E20D"
"u/2925","‚§•","ElsevierGlyph-E20B"
"u/2926","‚§¶","ElsevierGlyph-E20A"
"u/2927","‚§ß","ElsevierGlyph-E211"
"u/2928","‚§®","ElsevierGlyph-E20E"
"u/2929","‚§©","ElsevierGlyph-E20F"
"u/292a","‚§™","ElsevierGlyph-E210"
"u/2933","‚§≥","ElsevierGlyph-E21C"
"u/2936","‚§∂","ElsevierGlyph-E21A"
"u/2937","‚§∑","ElsevierGlyph-E219"
"u/2940","‚•Ä","Elolarr"
"u/2941","‚•Å","Elorarr"
"u/2942","‚•Ç","ElzRlarr"
"u/2944","‚•Ñ","ElzrLarr"
"u/2947","‚•á","Elzrarrx"
"u/294e","‚•é","LeftRightVector"
"u/294f","‚•è","RightUpDownVector"
"u/2950","‚•ê","DownLeftRightVector"
"u/2951","‚•ë","LeftUpDownVector"
"u/2952","‚•í","LeftVectorBar"
"u/2953","‚•ì","RightVectorBar"
"u/2954","‚•î","RightUpVectorBar"
"u/2955","‚•ï","RightDownVectorBar"
"u/2956","‚•ñ","DownLeftVectorBar"
"u/2957","‚•ó","DownRightVectorBar"
"u/2958","‚•ò","LeftUpVectorBar"
"u/2959","‚•ô","LeftDownVectorBar"
"u/295a","‚•ö","LeftTeeVector"
"u/295b","‚•õ","RightTeeVector"
"u/295c","‚•ú","RightUpTeeVector"
"u/295d","‚•ù","RightDownTeeVector"
"u/295e","‚•û","DownLeftTeeVector"
"u/295f","‚•ü","DownRightTeeVector"
"u/2960","‚•†","LeftUpTeeVector"
"u/2961","‚•°","LeftDownTeeVector"
"u/296e","‚•Æ","UpEquilibrium"
"u/296f","‚•Ø","ReverseUpEquilibrium"
"u/2970","‚•∞","RoundImplies"
"u/297c","‚•º","ElsevierGlyph-E214"
"u/297d","‚•Ω","ElsevierGlyph-E215"
"u/2980","‚¶Ä","Elztfnc"
"u/2985","‚¶Ö","ElsevierGlyph-3018"
"u/2986","‚¶Ü","Elroang"
"u/2993","‚¶ì","<kern-0.58em("
"u/2994","‚¶î","ElsevierGlyph-E291"
"u/2999","‚¶ô","Elzddfnc"
"u/299c","‚¶ú","Angle"
"u/29a0","‚¶†","Elzlpargt"
"u/29b5","‚¶µ","ElsevierGlyph-E260"
"u/29b6","‚¶∂","ElsevierGlyph-E61B"
"u/29ca","‚ßä","ElzLap"
"u/29cb","‚ßã","Elzdefas"
"u/29cf","‚ßè","LeftTriangleBar"
"u/29d0","‚ßê","RightTriangleBar"
"u/29dc","‚ßú","ElsevierGlyph-E372"
"u/29eb","‚ß´","blacklozenge"
"u/29f4","‚ß¥","RuleDelayed"
"u/2a04","‚®Ñ","Elxuplus"
"u/2a05","‚®Ö","ElzThr"
"u/2a06","‚®Ü","Elxsqcup"
"u/2a07","‚®á","ElzInf"
"u/2a08","‚®à","ElzSup"
"u/2a0d","‚®ç","ElzCint"
"u/2a0f","‚®è","clockoint"
"u/2a10","‚®ê","ElsevierGlyph-E395"
"u/2a16","‚®ñ","sqrint"
"u/2a25","‚®•","ElsevierGlyph-E25A"
"u/2a2a","‚®™","ElsevierGlyph-E25B"
"u/2a2d","‚®≠","ElsevierGlyph-E25C"
"u/2a2e","‚®Æ","ElsevierGlyph-E25D"
"u/2a2f","‚®Ø","ElzTimes"
"u/2a34","‚®¥","ElsevierGlyph-E25E"
"u/2a35","‚®µ","ElsevierGlyph-E25E"
"u/2a3c","‚®º","ElsevierGlyph-E259"
"u/2a3f","‚®ø","amalg"
"u/2a53","‚©ì","ElzAnd"
"u/2a54","‚©î","ElzOr"
"u/2a55","‚©ï","ElsevierGlyph-E36E"
"u/2a56","‚©ñ","ElOr"
"u/2a5e","‚©û","perspcorrespond"
"u/2a5f","‚©ü","Elzminhat"
"u/2a63","‚©£","ElsevierGlyph-225A"
"u/2a6e","‚©Æ","stackrel-*-="
"u/2a75","‚©µ","Equal"
"u/2a7d","‚©Ω","leqslant"
"u/2a7e","‚©æ","geqslant"
"u/2a85","‚™Ö","lessapprox"
"u/2a86","‚™Ü","gtrapprox"
"u/2a87","‚™á","lneq"
"u/2a88","‚™à","gneq"
"u/2a89","‚™â","lnapprox"
"u/2a8a","‚™ä","gnapprox"
"u/2a8b","‚™ã","lesseqqgtr"
"u/2a8c","‚™å","gtreqqless"
"u/2a95","‚™ï","eqslantless"
"u/2a96","‚™ñ","eqslantgtr"
"u/2a9d","‚™ù","Pisymbol-ppi020-117"
"u/2a9e","‚™û","Pisymbol-ppi020-105"
"u/2aa1","‚™°","NestedLessLess"
"u/2aa2","‚™¢","NestedGreaterGreater"
"u/2aaf","‚™Ø","preceq"
"u/2ab0","‚™∞","succeq"
"u/2ab5","‚™µ","precneqq"
"u/2ab6","‚™∂","succneqq"
"u/2ab7","‚™∑","precapprox"
"u/2ab8","‚™∏","succapprox"
"u/2ab9","‚™π","precnapprox"
"u/2aba","‚™∫","succnapprox"
"u/2ac5","‚´Ö","subseteqq"
"u/2ac6","‚´Ü","supseteqq"
"u/2acb","‚´ã","subsetneqq"
"u/2acc","‚´å","supsetneqq"
"u/2aeb","‚´´","ElsevierGlyph-E30D"
"u/2af6","‚´∂","Elztdcol"
"u/2afd","‚´Ω","/-!!-/"
"u/300a","„Ää","ElsevierGlyph-300A"
"u/300b","„Äã","ElsevierGlyph-300B"
"u/3018","„Äò","ElsevierGlyph-3018"
"u/3019","„Äô","ElsevierGlyph-3019"
"u/301a","„Äö","openbracketleft"
"u/301b","„Äõ","openbracketright"
"u/fb00","Ô¨Ä","ff"
"u/fb01","Ô¨Å","fi"
"u/fb02","Ô¨Ç","fl"
"u/fb03","Ô¨É","ffi"
"u/fb04","Ô¨Ñ","ffl"
"u/1d400","ùêÄ","mathbf-A"
"u/1d401","ùêÅ","mathbf-B"
"u/1d402","ùêÇ","mathbf-C"
"u/1d403","ùêÉ","mathbf-D"
"u/1d404","ùêÑ","mathbf-E"
"u/1d405","ùêÖ","mathbf-F"
"u/1d406","ùêÜ","mathbf-G"
"u/1d407","ùêá","mathbf-H"
"u/1d408","ùêà","mathbf-I"
"u/1d409","ùêâ","mathbf-J"
"u/1d40a","ùêä","mathbf-K"
"u/1d40b","ùêã","mathbf-L"
"u/1d40c","ùêå","mathbf-M"
"u/1d40d","ùêç","mathbf-N"
"u/1d40e","ùêé","mathbf-O"
"u/1d40f","ùêè","mathbf-P"
"u/1d410","ùêê","mathbf-Q"
"u/1d411","ùêë","mathbf-R"
"u/1d412","ùêí","mathbf-S"
"u/1d413","ùêì","mathbf-T"
"u/1d414","ùêî","mathbf-U"
"u/1d415","ùêï","mathbf-V"
"u/1d416","ùêñ","mathbf-W"
"u/1d417","ùêó","mathbf-X"
"u/1d418","ùêò","mathbf-Y"
"u/1d419","ùêô","mathbf-Z"
"u/1d41a","ùêö","mathbf-a"
"u/1d41b","ùêõ","mathbf-b"
"u/1d41c","ùêú","mathbf-c"
"u/1d41d","ùêù","mathbf-d"
"u/1d41e","ùêû","mathbf-e"
"u/1d41f","ùêü","mathbf-f"
"u/1d420","ùê†","mathbf-g"
"u/1d421","ùê°","mathbf-h"
"u/1d422","ùê¢","mathbf-i"
"u/1d423","ùê£","mathbf-j"
"u/1d424","ùê§","mathbf-k"
"u/1d425","ùê•","mathbf-l"
"u/1d426","ùê¶","mathbf-m"
"u/1d427","ùêß","mathbf-n"
"u/1d428","ùê®","mathbf-o"
"u/1d429","ùê©","mathbf-p"
"u/1d42a","ùê™","mathbf-q"
"u/1d42b","ùê´","mathbf-r"
"u/1d42c","ùê¨","mathbf-s"
"u/1d42d","ùê≠","mathbf-t"
"u/1d42e","ùêÆ","mathbf-u"
"u/1d42f","ùêØ","mathbf-v"
"u/1d430","ùê∞","mathbf-w"
"u/1d431","ùê±","mathbf-x"
"u/1d432","ùê≤","mathbf-y"
"u/1d433","ùê≥","mathbf-z"
"u/1d434","ùê¥","mathmit-A"
"u/1d435","ùêµ","mathmit-B"
"u/1d436","ùê∂","mathmit-C"
"u/1d437","ùê∑","mathmit-D"
"u/1d438","ùê∏","mathmit-E"
"u/1d439","ùêπ","mathmit-F"
"u/1d43a","ùê∫","mathmit-G"
"u/1d43b","ùêª","mathmit-H"
"u/1d43c","ùêº","mathmit-I"
"u/1d43d","ùêΩ","mathmit-J"
"u/1d43e","ùêæ","mathmit-K"
"u/1d43f","ùêø","mathmit-L"
"u/1d440","ùëÄ","mathmit-M"
"u/1d441","ùëÅ","mathmit-N"
"u/1d442","ùëÇ","mathmit-O"
"u/1d443","ùëÉ","mathmit-P"
"u/1d444","ùëÑ","mathmit-Q"
"u/1d445","ùëÖ","mathmit-R"
"u/1d446","ùëÜ","mathmit-S"
"u/1d447","ùëá","mathmit-T"
"u/1d448","ùëà","mathmit-U"
"u/1d449","ùëâ","mathmit-V"
"u/1d44a","ùëä","mathmit-W"
"u/1d44b","ùëã","mathmit-X"
"u/1d44c","ùëå","mathmit-Y"
"u/1d44d","ùëç","mathmit-Z"
"u/1d44e","ùëé","mathmit-a"
"u/1d44f","ùëè","mathmit-b"
"u/1d450","ùëê","mathmit-c"
"u/1d451","ùëë","mathmit-d"
"u/1d452","ùëí","mathmit-e"
"u/1d453","ùëì","mathmit-f"
"u/1d454","ùëî","mathmit-g"
"u/1d456","ùëñ","mathmit-i"
"u/1d457","ùëó","mathmit-j"
"u/1d458","ùëò","mathmit-k"
"u/1d459","ùëô","mathmit-l"
"u/1d45a","ùëö","mathmit-m"
"u/1d45b","ùëõ","mathmit-n"
"u/1d45c","ùëú","mathmit-o"
"u/1d45d","ùëù","mathmit-p"
"u/1d45e","ùëû","mathmit-q"
"u/1d45f","ùëü","mathmit-r"
"u/1d460","ùë†","mathmit-s"
"u/1d461","ùë°","mathmit-t"
"u/1d462","ùë¢","mathmit-u"
"u/1d463","ùë£","mathmit-v"
"u/1d464","ùë§","mathmit-w"
"u/1d465","ùë•","mathmit-x"
"u/1d466","ùë¶","mathmit-y"
"u/1d467","ùëß","mathmit-z"
"u/1d468","ùë®","mathbit-A"
"u/1d469","ùë©","mathbit-B"
"u/1d46a","ùë™","mathbit-C"
"u/1d46b","ùë´","mathbit-D"
"u/1d46c","ùë¨","mathbit-E"
"u/1d46d","ùë≠","mathbit-F"
"u/1d46e","ùëÆ","mathbit-G"
"u/1d46f","ùëØ","mathbit-H"
"u/1d470","ùë∞","mathbit-I"
"u/1d471","ùë±","mathbit-J"
"u/1d472","ùë≤","mathbit-K"
"u/1d473","ùë≥","mathbit-L"
"u/1d474","ùë¥","mathbit-M"
"u/1d475","ùëµ","mathbit-N"
"u/1d476","ùë∂","mathbit-O"
"u/1d477","ùë∑","mathbit-P"
"u/1d478","ùë∏","mathbit-Q"
"u/1d479","ùëπ","mathbit-R"
"u/1d47a","ùë∫","mathbit-S"
"u/1d47b","ùëª","mathbit-T"
"u/1d47c","ùëº","mathbit-U"
"u/1d47d","ùëΩ","mathbit-V"
"u/1d47e","ùëæ","mathbit-W"
"u/1d47f","ùëø","mathbit-X"
"u/1d480","ùíÄ","mathbit-Y"
"u/1d481","ùíÅ","mathbit-Z"
"u/1d482","ùíÇ","mathbit-a"
"u/1d483","ùíÉ","mathbit-b"
"u/1d484","ùíÑ","mathbit-c"
"u/1d485","ùíÖ","mathbit-d"
"u/1d486","ùíÜ","mathbit-e"
"u/1d487","ùíá","mathbit-f"
"u/1d488","ùíà","mathbit-g"
"u/1d489","ùíâ","mathbit-h"
"u/1d48a","ùíä","mathbit-i"
"u/1d48b","ùíã","mathbit-j"
"u/1d48c","ùíå","mathbit-k"
"u/1d48d","ùíç","mathbit-l"
"u/1d48e","ùíé","mathbit-m"
"u/1d48f","ùíè","mathbit-n"
"u/1d490","ùíê","mathbit-o"
"u/1d491","ùíë","mathbit-p"
"u/1d492","ùíí","mathbit-q"
"u/1d493","ùíì","mathbit-r"
"u/1d494","ùíî","mathbit-s"
"u/1d495","ùíï","mathbit-t"
"u/1d496","ùíñ","mathbit-u"
"u/1d497","ùíó","mathbit-v"
"u/1d498","ùíò","mathbit-w"
"u/1d499","ùíô","mathbit-x"
"u/1d49a","ùíö","mathbit-y"
"u/1d49b","ùíõ","mathbit-z"
"u/1d49c","ùíú","mathscr-A"
"u/1d49e","ùíû","mathscr-C"
"u/1d49f","ùíü","mathscr-D"
"u/1d4a2","ùí¢","mathscr-G"
"u/1d4a5","ùí•","mathscr-J"
"u/1d4a6","ùí¶","mathscr-K"
"u/1d4a9","ùí©","mathscr-N"
"u/1d4aa","ùí™","mathscr-O"
"u/1d4ab","ùí´","mathscr-P"
"u/1d4ac","ùí¨","mathscr-Q"
"u/1d4ae","ùíÆ","mathscr-S"
"u/1d4af","ùíØ","mathscr-T"
"u/1d4b0","ùí∞","mathscr-U"
"u/1d4b1","ùí±","mathscr-V"
"u/1d4b2","ùí≤","mathscr-W"
"u/1d4b3","ùí≥","mathscr-X"
"u/1d4b4","ùí¥","mathscr-Y"
"u/1d4b5","ùíµ","mathscr-Z"
"u/1d4b6","ùí∂","mathscr-a"
"u/1d4b7","ùí∑","mathscr-b"
"u/1d4b8","ùí∏","mathscr-c"
"u/1d4b9","ùíπ","mathscr-d"
"u/1d4bb","ùíª","mathscr-f"
"u/1d4bd","ùíΩ","mathscr-h"
"u/1d4be","ùíæ","mathscr-i"
"u/1d4bf","ùíø","mathscr-j"
"u/1d4c0","ùìÄ","mathscr-k"
"u/1d4c1","ùìÅ","mathscr-l"
"u/1d4c2","ùìÇ","mathscr-m"
"u/1d4c3","ùìÉ","mathscr-n"
"u/1d4c5","ùìÖ","mathscr-p"
"u/1d4c6","ùìÜ","mathscr-q"
"u/1d4c7","ùìá","mathscr-r"
"u/1d4c8","ùìà","mathscr-s"
"u/1d4c9","ùìâ","mathscr-t"
"u/1d4ca","ùìä","mathscr-u"
"u/1d4cb","ùìã","mathscr-v"
"u/1d4cc","ùìå","mathscr-w"
"u/1d4cd","ùìç","mathscr-x"
"u/1d4ce","ùìé","mathscr-y"
"u/1d4cf","ùìè","mathscr-z"
"u/1d4d0","ùìê","mathbcal-A"
"u/1d4d1","ùìë","mathbcal-B"
"u/1d4d2","ùìí","mathbcal-C"
"u/1d4d3","ùìì","mathbcal-D"
"u/1d4d4","ùìî","mathbcal-E"
"u/1d4d5","ùìï","mathbcal-F"
"u/1d4d6","ùìñ","mathbcal-G"
"u/1d4d7","ùìó","mathbcal-H"
"u/1d4d8","ùìò","mathbcal-I"
"u/1d4d9","ùìô","mathbcal-J"
"u/1d4da","ùìö","mathbcal-K"
"u/1d4db","ùìõ","mathbcal-L"
"u/1d4dc","ùìú","mathbcal-M"
"u/1d4dd","ùìù","mathbcal-N"
"u/1d4de","ùìû","mathbcal-O"
"u/1d4df","ùìü","mathbcal-P"
"u/1d4e0","ùì†","mathbcal-Q"
"u/1d4e1","ùì°","mathbcal-R"
"u/1d4e2","ùì¢","mathbcal-S"
"u/1d4e3","ùì£","mathbcal-T"
"u/1d4e4","ùì§","mathbcal-U"
"u/1d4e5","ùì•","mathbcal-V"
"u/1d4e6","ùì¶","mathbcal-W"
"u/1d4e7","ùìß","mathbcal-X"
"u/1d4e8","ùì®","mathbcal-Y"
"u/1d4e9","ùì©","mathbcal-Z"
"u/1d4ea","ùì™","mathbcal-a"
"u/1d4eb","ùì´","mathbcal-b"
"u/1d4ec","ùì¨","mathbcal-c"
"u/1d4ed","ùì≠","mathbcal-d"
"u/1d4ee","ùìÆ","mathbcal-e"
"u/1d4ef","ùìØ","mathbcal-f"
"u/1d4f0","ùì∞","mathbcal-g"
"u/1d4f1","ùì±","mathbcal-h"
"u/1d4f2","ùì≤","mathbcal-i"
"u/1d4f3","ùì≥","mathbcal-j"
"u/1d4f4","ùì¥","mathbcal-k"
"u/1d4f5","ùìµ","mathbcal-l"
"u/1d4f6","ùì∂","mathbcal-m"
"u/1d4f7","ùì∑","mathbcal-n"
"u/1d4f8","ùì∏","mathbcal-o"
"u/1d4f9","ùìπ","mathbcal-p"
"u/1d4fa","ùì∫","mathbcal-q"
"u/1d4fb","ùìª","mathbcal-r"
"u/1d4fc","ùìº","mathbcal-s"
"u/1d4fd","ùìΩ","mathbcal-t"
"u/1d4fe","ùìæ","mathbcal-u"
"u/1d4ff","ùìø","mathbcal-v"
"u/1d500","ùîÄ","mathbcal-w"
"u/1d501","ùîÅ","mathbcal-x"
"u/1d502","ùîÇ","mathbcal-y"
"u/1d503","ùîÉ","mathbcal-z"
"u/1d504","ùîÑ","mathfrak-A"
"u/1d505","ùîÖ","mathfrak-B"
"u/1d507","ùîá","mathfrak-D"
"u/1d508","ùîà","mathfrak-E"
"u/1d509","ùîâ","mathfrak-F"
"u/1d50a","ùîä","mathfrak-G"
"u/1d50d","ùîç","mathfrak-J"
"u/1d50e","ùîé","mathfrak-K"
"u/1d50f","ùîè","mathfrak-L"
"u/1d510","ùîê","mathfrak-M"
"u/1d511","ùîë","mathfrak-N"
"u/1d512","ùîí","mathfrak-O"
"u/1d513","ùîì","mathfrak-P"
"u/1d514","ùîî","mathfrak-Q"
"u/1d516","ùîñ","mathfrak-S"
"u/1d517","ùîó","mathfrak-T"
"u/1d518","ùîò","mathfrak-U"
"u/1d519","ùîô","mathfrak-V"
"u/1d51a","ùîö","mathfrak-W"
"u/1d51b","ùîõ","mathfrak-X"
"u/1d51c","ùîú","mathfrak-Y"
"u/1d51e","ùîû","mathfrak-a"
"u/1d51f","ùîü","mathfrak-b"
"u/1d520","ùî†","mathfrak-c"
"u/1d521","ùî°","mathfrak-d"
"u/1d522","ùî¢","mathfrak-e"
"u/1d523","ùî£","mathfrak-f"
"u/1d524","ùî§","mathfrak-g"
"u/1d525","ùî•","mathfrak-h"
"u/1d526","ùî¶","mathfrak-i"
"u/1d527","ùîß","mathfrak-j"
"u/1d528","ùî®","mathfrak-k"
"u/1d529","ùî©","mathfrak-l"
"u/1d52a","ùî™","mathfrak-m"
"u/1d52b","ùî´","mathfrak-n"
"u/1d52c","ùî¨","mathfrak-o"
"u/1d52d","ùî≠","mathfrak-p"
"u/1d52e","ùîÆ","mathfrak-q"
"u/1d52f","ùîØ","mathfrak-r"
"u/1d530","ùî∞","mathfrak-s"
"u/1d531","ùî±","mathfrak-t"
"u/1d532","ùî≤","mathfrak-u"
"u/1d533","ùî≥","mathfrak-v"
"u/1d534","ùî¥","mathfrak-w"
"u/1d535","ùîµ","mathfrak-x"
"u/1d536","ùî∂","mathfrak-y"
"u/1d537","ùî∑","mathfrak-z"
"u/1d538","ùî∏","mathbb-A"
"u/1d539","ùîπ","mathbb-B"
"u/1d53b","ùîª","mathbb-D"
"u/1d53c","ùîº","mathbb-E"
"u/1d53d","ùîΩ","mathbb-F"
"u/1d53e","ùîæ","mathbb-G"
"u/1d540","ùïÄ","mathbb-I"
"u/1d541","ùïÅ","mathbb-J"
"u/1d542","ùïÇ","mathbb-K"
"u/1d543","ùïÉ","mathbb-L"
"u/1d544","ùïÑ","mathbb-M"
"u/1d546","ùïÜ","mathbb-O"
"u/1d54a","ùïä","mathbb-S"
"u/1d54b","ùïã","mathbb-T"
"u/1d54c","ùïå","mathbb-U"
"u/1d54d","ùïç","mathbb-V"
"u/1d54e","ùïé","mathbb-W"
"u/1d54f","ùïè","mathbb-X"
"u/1d550","ùïê","mathbb-Y"
"u/1d552","ùïí","mathbb-a"
"u/1d553","ùïì","mathbb-b"
"u/1d554","ùïî","mathbb-c"
"u/1d555","ùïï","mathbb-d"
"u/1d556","ùïñ","mathbb-e"
"u/1d557","ùïó","mathbb-f"
"u/1d558","ùïò","mathbb-g"
"u/1d559","ùïô","mathbb-h"
"u/1d55a","ùïö","mathbb-i"
"u/1d55b","ùïõ","mathbb-j"
"u/1d55c","ùïú","mathbb-k"
"u/1d55d","ùïù","mathbb-l"
"u/1d55e","ùïû","mathbb-m"
"u/1d55f","ùïü","mathbb-n"
"u/1d560","ùï†","mathbb-o"
"u/1d561","ùï°","mathbb-p"
"u/1d562","ùï¢","mathbb-q"
"u/1d563","ùï£","mathbb-r"
"u/1d564","ùï§","mathbb-s"
"u/1d565","ùï•","mathbb-t"
"u/1d566","ùï¶","mathbb-u"
"u/1d567","ùïß","mathbb-v"
"u/1d568","ùï®","mathbb-w"
"u/1d569","ùï©","mathbb-x"
"u/1d56a","ùï™","mathbb-y"
"u/1d56b","ùï´","mathbb-z"
"u/1d56c","ùï¨","mathbfrak-A"
"u/1d56d","ùï≠","mathbfrak-B"
"u/1d56e","ùïÆ","mathbfrak-C"
"u/1d56f","ùïØ","mathbfrak-D"
"u/1d570","ùï∞","mathbfrak-E"
"u/1d571","ùï±","mathbfrak-F"
"u/1d572","ùï≤","mathbfrak-G"
"u/1d573","ùï≥","mathbfrak-H"
"u/1d574","ùï¥","mathbfrak-I"
"u/1d575","ùïµ","mathbfrak-J"
"u/1d576","ùï∂","mathbfrak-K"
"u/1d577","ùï∑","mathbfrak-L"
"u/1d578","ùï∏","mathbfrak-M"
"u/1d579","ùïπ","mathbfrak-N"
"u/1d57a","ùï∫","mathbfrak-O"
"u/1d57b","ùïª","mathbfrak-P"
"u/1d57c","ùïº","mathbfrak-Q"
"u/1d57d","ùïΩ","mathbfrak-R"
"u/1d57e","ùïæ","mathbfrak-S"
"u/1d57f","ùïø","mathbfrak-T"
"u/1d580","ùñÄ","mathbfrak-U"
"u/1d581","ùñÅ","mathbfrak-V"
"u/1d582","ùñÇ","mathbfrak-W"
"u/1d583","ùñÉ","mathbfrak-X"
"u/1d584","ùñÑ","mathbfrak-Y"
"u/1d585","ùñÖ","mathbfrak-Z"
"u/1d586","ùñÜ","mathbfrak-a"
"u/1d587","ùñá","mathbfrak-b"
"u/1d588","ùñà","mathbfrak-c"
"u/1d589","ùñâ","mathbfrak-d"
"u/1d58a","ùñä","mathbfrak-e"
"u/1d58b","ùñã","mathbfrak-f"
"u/1d58c","ùñå","mathbfrak-g"
"u/1d58d","ùñç","mathbfrak-h"
"u/1d58e","ùñé","mathbfrak-i"
"u/1d58f","ùñè","mathbfrak-j"
"u/1d590","ùñê","mathbfrak-k"
"u/1d591","ùñë","mathbfrak-l"
"u/1d592","ùñí","mathbfrak-m"
"u/1d593","ùñì","mathbfrak-n"
"u/1d594","ùñî","mathbfrak-o"
"u/1d595","ùñï","mathbfrak-p"
"u/1d596","ùññ","mathbfrak-q"
"u/1d597","ùñó","mathbfrak-r"
"u/1d598","ùñò","mathbfrak-s"
"u/1d599","ùñô","mathbfrak-t"
"u/1d59a","ùñö","mathbfrak-u"
"u/1d59b","ùñõ","mathbfrak-v"
"u/1d59c","ùñú","mathbfrak-w"
"u/1d59d","ùñù","mathbfrak-x"
"u/1d59e","ùñû","mathbfrak-y"
"u/1d59f","ùñü","mathbfrak-z"
"u/1d5a0","ùñ†","mathsf-A"
"u/1d5a1","ùñ°","mathsf-B"
"u/1d5a2","ùñ¢","mathsf-C"
"u/1d5a3","ùñ£","mathsf-D"
"u/1d5a4","ùñ§","mathsf-E"
"u/1d5a5","ùñ•","mathsf-F"
"u/1d5a6","ùñ¶","mathsf-G"
"u/1d5a7","ùñß","mathsf-H"
"u/1d5a8","ùñ®","mathsf-I"
"u/1d5a9","ùñ©","mathsf-J"
"u/1d5aa","ùñ™","mathsf-K"
"u/1d5ab","ùñ´","mathsf-L"
"u/1d5ac","ùñ¨","mathsf-M"
"u/1d5ad","ùñ≠","mathsf-N"
"u/1d5ae","ùñÆ","mathsf-O"
"u/1d5af","ùñØ","mathsf-P"
"u/1d5b0","ùñ∞","mathsf-Q"
"u/1d5b1","ùñ±","mathsf-R"
"u/1d5b2","ùñ≤","mathsf-S"
"u/1d5b3","ùñ≥","mathsf-T"
"u/1d5b4","ùñ¥","mathsf-U"
"u/1d5b5","ùñµ","mathsf-V"
"u/1d5b6","ùñ∂","mathsf-W"
"u/1d5b7","ùñ∑","mathsf-X"
"u/1d5b8","ùñ∏","mathsf-Y"
"u/1d5b9","ùñπ","mathsf-Z"
"u/1d5ba","ùñ∫","mathsf-a"
"u/1d5bb","ùñª","mathsf-b"
"u/1d5bc","ùñº","mathsf-c"
"u/1d5bd","ùñΩ","mathsf-d"
"u/1d5be","ùñæ","mathsf-e"
"u/1d5bf","ùñø","mathsf-f"
"u/1d5c0","ùóÄ","mathsf-g"
"u/1d5c1","ùóÅ","mathsf-h"
"u/1d5c2","ùóÇ","mathsf-i"
"u/1d5c3","ùóÉ","mathsf-j"
"u/1d5c4","ùóÑ","mathsf-k"
"u/1d5c5","ùóÖ","mathsf-l"
"u/1d5c6","ùóÜ","mathsf-m"
"u/1d5c7","ùóá","mathsf-n"
"u/1d5c8","ùóà","mathsf-o"
"u/1d5c9","ùóâ","mathsf-p"
"u/1d5ca","ùóä","mathsf-q"
"u/1d5cb","ùóã","mathsf-r"
"u/1d5cc","ùóå","mathsf-s"
"u/1d5cd","ùóç","mathsf-t"
"u/1d5ce","ùóé","mathsf-u"
"u/1d5cf","ùóè","mathsf-v"
"u/1d5d0","ùóê","mathsf-w"
"u/1d5d1","ùóë","mathsf-x"
"u/1d5d2","ùóí","mathsf-y"
"u/1d5d3","ùóì","mathsf-z"
"u/1d5d4","ùóî","mathsfbf-A"
"u/1d5d5","ùóï","mathsfbf-B"
"u/1d5d6","ùóñ","mathsfbf-C"
"u/1d5d7","ùóó","mathsfbf-D"
"u/1d5d8","ùóò","mathsfbf-E"
"u/1d5d9","ùóô","mathsfbf-F"
"u/1d5da","ùóö","mathsfbf-G"
"u/1d5db","ùóõ","mathsfbf-H"
"u/1d5dc","ùóú","mathsfbf-I"
"u/1d5dd","ùóù","mathsfbf-J"
"u/1d5de","ùóû","mathsfbf-K"
"u/1d5df","ùóü","mathsfbf-L"
"u/1d5e0","ùó†","mathsfbf-M"
"u/1d5e1","ùó°","mathsfbf-N"
"u/1d5e2","ùó¢","mathsfbf-O"
"u/1d5e3","ùó£","mathsfbf-P"
"u/1d5e4","ùó§","mathsfbf-Q"
"u/1d5e5","ùó•","mathsfbf-R"
"u/1d5e6","ùó¶","mathsfbf-S"
"u/1d5e7","ùóß","mathsfbf-T"
"u/1d5e8","ùó®","mathsfbf-U"
"u/1d5e9","ùó©","mathsfbf-V"
"u/1d5ea","ùó™","mathsfbf-W"
"u/1d5eb","ùó´","mathsfbf-X"
"u/1d5ec","ùó¨","mathsfbf-Y"
"u/1d5ed","ùó≠","mathsfbf-Z"
"u/1d5ee","ùóÆ","mathsfbf-a"
"u/1d5ef","ùóØ","mathsfbf-b"
"u/1d5f0","ùó∞","mathsfbf-c"
"u/1d5f1","ùó±","mathsfbf-d"
"u/1d5f2","ùó≤","mathsfbf-e"
"u/1d5f3","ùó≥","mathsfbf-f"
"u/1d5f4","ùó¥","mathsfbf-g"
"u/1d5f5","ùóµ","mathsfbf-h"
"u/1d5f6","ùó∂","mathsfbf-i"
"u/1d5f7","ùó∑","mathsfbf-j"
"u/1d5f8","ùó∏","mathsfbf-k"
"u/1d5f9","ùóπ","mathsfbf-l"
"u/1d5fa","ùó∫","mathsfbf-m"
"u/1d5fb","ùóª","mathsfbf-n"
"u/1d5fc","ùóº","mathsfbf-o"
"u/1d5fd","ùóΩ","mathsfbf-p"
"u/1d5fe","ùóæ","mathsfbf-q"
"u/1d5ff","ùóø","mathsfbf-r"
"u/1d600","ùòÄ","mathsfbf-s"
"u/1d601","ùòÅ","mathsfbf-t"
"u/1d602","ùòÇ","mathsfbf-u"
"u/1d603","ùòÉ","mathsfbf-v"
"u/1d604","ùòÑ","mathsfbf-w"
"u/1d605","ùòÖ","mathsfbf-x"
"u/1d606","ùòÜ","mathsfbf-y"
"u/1d607","ùòá","mathsfbf-z"
"u/1d608","ùòà","mathsfsl-A"
"u/1d609","ùòâ","mathsfsl-B"
"u/1d60a","ùòä","mathsfsl-C"
"u/1d60b","ùòã","mathsfsl-D"
"u/1d60c","ùòå","mathsfsl-E"
"u/1d60d","ùòç","mathsfsl-F"
"u/1d60e","ùòé","mathsfsl-G"
"u/1d60f","ùòè","mathsfsl-H"
"u/1d610","ùòê","mathsfsl-I"
"u/1d611","ùòë","mathsfsl-J"
"u/1d612","ùòí","mathsfsl-K"
"u/1d613","ùòì","mathsfsl-L"
"u/1d614","ùòî","mathsfsl-M"
"u/1d615","ùòï","mathsfsl-N"
"u/1d616","ùòñ","mathsfsl-O"
"u/1d617","ùòó","mathsfsl-P"
"u/1d618","ùòò","mathsfsl-Q"
"u/1d619","ùòô","mathsfsl-R"
"u/1d61a","ùòö","mathsfsl-S"
"u/1d61b","ùòõ","mathsfsl-T"
"u/1d61c","ùòú","mathsfsl-U"
"u/1d61d","ùòù","mathsfsl-V"
"u/1d61e","ùòû","mathsfsl-W"
"u/1d61f","ùòü","mathsfsl-X"
"u/1d620","ùò†","mathsfsl-Y"
"u/1d621","ùò°","mathsfsl-Z"
"u/1d622","ùò¢","mathsfsl-a"
"u/1d623","ùò£","mathsfsl-b"
"u/1d624","ùò§","mathsfsl-c"
"u/1d625","ùò•","mathsfsl-d"
"u/1d626","ùò¶","mathsfsl-e"
"u/1d627","ùòß","mathsfsl-f"
"u/1d628","ùò®","mathsfsl-g"
"u/1d629","ùò©","mathsfsl-h"
"u/1d62a","ùò™","mathsfsl-i"
"u/1d62b","ùò´","mathsfsl-j"
"u/1d62c","ùò¨","mathsfsl-k"
"u/1d62d","ùò≠","mathsfsl-l"
"u/1d62e","ùòÆ","mathsfsl-m"
"u/1d62f","ùòØ","mathsfsl-n"
"u/1d630","ùò∞","mathsfsl-o"
"u/1d631","ùò±","mathsfsl-p"
"u/1d632","ùò≤","mathsfsl-q"
"u/1d633","ùò≥","mathsfsl-r"
"u/1d634","ùò¥","mathsfsl-s"
"u/1d635","ùòµ","mathsfsl-t"
"u/1d636","ùò∂","mathsfsl-u"
"u/1d637","ùò∑","mathsfsl-v"
"u/1d638","ùò∏","mathsfsl-w"
"u/1d639","ùòπ","mathsfsl-x"
"u/1d63a","ùò∫","mathsfsl-y"
"u/1d63b","ùòª","mathsfsl-z"
"u/1d63c","ùòº","mathsfbfsl-A"
"u/1d63d","ùòΩ","mathsfbfsl-B"
"u/1d63e","ùòæ","mathsfbfsl-C"
"u/1d63f","ùòø","mathsfbfsl-D"
"u/1d640","ùôÄ","mathsfbfsl-E"
"u/1d641","ùôÅ","mathsfbfsl-F"
"u/1d642","ùôÇ","mathsfbfsl-G"
"u/1d643","ùôÉ","mathsfbfsl-H"
"u/1d644","ùôÑ","mathsfbfsl-I"
"u/1d645","ùôÖ","mathsfbfsl-J"
"u/1d646","ùôÜ","mathsfbfsl-K"
"u/1d647","ùôá","mathsfbfsl-L"
"u/1d648","ùôà","mathsfbfsl-M"
"u/1d649","ùôâ","mathsfbfsl-N"
"u/1d64a","ùôä","mathsfbfsl-O"
"u/1d64b","ùôã","mathsfbfsl-P"
"u/1d64c","ùôå","mathsfbfsl-Q"
"u/1d64d","ùôç","mathsfbfsl-R"
"u/1d64e","ùôé","mathsfbfsl-S"
"u/1d64f","ùôè","mathsfbfsl-T"
"u/1d650","ùôê","mathsfbfsl-U"
"u/1d651","ùôë","mathsfbfsl-V"
"u/1d652","ùôí","mathsfbfsl-W"
"u/1d653","ùôì","mathsfbfsl-X"
"u/1d654","ùôî","mathsfbfsl-Y"
"u/1d655","ùôï","mathsfbfsl-Z"
"u/1d656","ùôñ","mathsfbfsl-a"
"u/1d657","ùôó","mathsfbfsl-b"
"u/1d658","ùôò","mathsfbfsl-c"
"u/1d659","ùôô","mathsfbfsl-d"
"u/1d65a","ùôö","mathsfbfsl-e"
"u/1d65b","ùôõ","mathsfbfsl-f"
"u/1d65c","ùôú","mathsfbfsl-g"
"u/1d65d","ùôù","mathsfbfsl-h"
"u/1d65e","ùôû","mathsfbfsl-i"
"u/1d65f","ùôü","mathsfbfsl-j"
"u/1d660","ùô†","mathsfbfsl-k"
"u/1d661","ùô°","mathsfbfsl-l"
"u/1d662","ùô¢","mathsfbfsl-m"
"u/1d663","ùô£","mathsfbfsl-n"
"u/1d664","ùô§","mathsfbfsl-o"
"u/1d665","ùô•","mathsfbfsl-p"
"u/1d666","ùô¶","mathsfbfsl-q"
"u/1d667","ùôß","mathsfbfsl-r"
"u/1d668","ùô®","mathsfbfsl-s"
"u/1d669","ùô©","mathsfbfsl-t"
"u/1d66a","ùô™","mathsfbfsl-u"
"u/1d66b","ùô´","mathsfbfsl-v"
"u/1d66c","ùô¨","mathsfbfsl-w"
"u/1d66d","ùô≠","mathsfbfsl-x"
"u/1d66e","ùôÆ","mathsfbfsl-y"
"u/1d66f","ùôØ","mathsfbfsl-z"
"u/1d670","ùô∞","mathtt-A"
"u/1d671","ùô±","mathtt-B"
"u/1d672","ùô≤","mathtt-C"
"u/1d673","ùô≥","mathtt-D"
"u/1d674","ùô¥","mathtt-E"
"u/1d675","ùôµ","mathtt-F"
"u/1d676","ùô∂","mathtt-G"
"u/1d677","ùô∑","mathtt-H"
"u/1d678","ùô∏","mathtt-I"
"u/1d679","ùôπ","mathtt-J"
"u/1d67a","ùô∫","mathtt-K"
"u/1d67b","ùôª","mathtt-L"
"u/1d67c","ùôº","mathtt-M"
"u/1d67d","ùôΩ","mathtt-N"
"u/1d67e","ùôæ","mathtt-O"
"u/1d67f","ùôø","mathtt-P"
"u/1d680","ùöÄ","mathtt-Q"
"u/1d681","ùöÅ","mathtt-R"
"u/1d682","ùöÇ","mathtt-S"
"u/1d683","ùöÉ","mathtt-T"
"u/1d684","ùöÑ","mathtt-U"
"u/1d685","ùöÖ","mathtt-V"
"u/1d686","ùöÜ","mathtt-W"
"u/1d687","ùöá","mathtt-X"
"u/1d688","ùöà","mathtt-Y"
"u/1d689","ùöâ","mathtt-Z"
"u/1d68a","ùöä","mathtt-a"
"u/1d68b","ùöã","mathtt-b"
"u/1d68c","ùöå","mathtt-c"
"u/1d68d","ùöç","mathtt-d"
"u/1d68e","ùöé","mathtt-e"
"u/1d68f","ùöè","mathtt-f"
"u/1d690","ùöê","mathtt-g"
"u/1d691","ùöë","mathtt-h"
"u/1d692","ùöí","mathtt-i"
"u/1d693","ùöì","mathtt-j"
"u/1d694","ùöî","mathtt-k"
"u/1d695","ùöï","mathtt-l"
"u/1d696","ùöñ","mathtt-m"
"u/1d697","ùöó","mathtt-n"
"u/1d698","ùöò","mathtt-o"
"u/1d699","ùöô","mathtt-p"
"u/1d69a","ùöö","mathtt-q"
"u/1d69b","ùöõ","mathtt-r"
"u/1d69c","ùöú","mathtt-s"
"u/1d69d","ùöù","mathtt-t"
"u/1d69e","ùöû","mathtt-u"
"u/1d69f","ùöü","mathtt-v"
"u/1d6a0","ùö†","mathtt-w"
"u/1d6a1","ùö°","mathtt-x"
"u/1d6a2","ùö¢","mathtt-y"
"u/1d6a3","ùö£","mathtt-z"
"u/1d6a8","ùö®","mathbf-Alpha"
"u/1d6a9","ùö©","mathbf-Beta"
"u/1d6aa","ùö™","mathbf-Gamma"
"u/1d6ab","ùö´","mathbf-Delta"
"u/1d6ac","ùö¨","mathbf-Epsilon"
"u/1d6ad","ùö≠","mathbf-Zeta"
"u/1d6ae","ùöÆ","mathbf-Eta"
"u/1d6af","ùöØ","mathbf-Theta"
"u/1d6b0","ùö∞","mathbf-Iota"
"u/1d6b1","ùö±","mathbf-Kappa"
"u/1d6b2","ùö≤","mathbf-Lambda"
"u/1d6b3","ùö≥","mathbf-M"
"u/1d6b4","ùö¥","N"
"u/1d6b5","ùöµ","mathbf-Xi"
"u/1d6b6","ùö∂","O"
"u/1d6b7","ùö∑","mathbf-Pi"
"u/1d6b8","ùö∏","mathbf-Rho"
"u/1d6b9","ùöπ","mathbf-vartheta"
"u/1d6ba","ùö∫","mathbf-Sigma"
"u/1d6bb","ùöª","mathbf-Tau"
"u/1d6bc","ùöº","mathbf-Upsilon"
"u/1d6bd","ùöΩ","mathbf-Phi"
"u/1d6be","ùöæ","mathbf-Chi"
"u/1d6bf","ùöø","mathbf-Psi"
"u/1d6c0","ùõÄ","mathbf-Omega"
"u/1d6c1","ùõÅ","mathbf-nabla"
"u/1d6c2","ùõÇ","mathbf-alpha"
"u/1d6c3","ùõÉ","mathbf-beta"
"u/1d6c4","ùõÑ","mathbf-gamma"
"u/1d6c5","ùõÖ","mathbf-delta"
"u/1d6c6","ùõÜ","mathbf-epsilon"
"u/1d6c7","ùõá","mathbf-zeta"
"u/1d6c8","ùõà","mathbf-eta"
"u/1d6c9","ùõâ","mathbf-theta"
"u/1d6ca","ùõä","mathbf-iota"
"u/1d6cb","ùõã","mathbf-kappa"
"u/1d6cc","ùõå","mathbf-lambda"
"u/1d6cd","ùõç","mathbf-mu"
"u/1d6ce","ùõé","mathbf-nu"
"u/1d6cf","ùõè","mathbf-xi"
"u/1d6d0","ùõê","mathbf-o"
"u/1d6d1","ùõë","mathbf-pi"
"u/1d6d2","ùõí","mathbf-rho"
"u/1d6d3","ùõì","mathbf-varsigma"
"u/1d6d4","ùõî","mathbf-sigma"
"u/1d6d5","ùõï","mathbf-tau"
"u/1d6d6","ùõñ","mathbf-upsilon"
"u/1d6d7","ùõó","mathbf-phi"
"u/1d6d8","ùõò","mathbf-chi"
"u/1d6d9","ùõô","mathbf-psi"
"u/1d6da","ùõö","mathbf-omega"
"u/1d6db","ùõõ","partial"
"u/1d6dc","ùõú","mathbf-varepsilon"
"u/1d6dd","ùõù","mathbf-vartheta"
"u/1d6de","ùõû","mathbf-varkappa"
"u/1d6df","ùõü","mathbf-phi"
"u/1d6e0","ùõ†","mathbf-varrho"
"u/1d6e1","ùõ°","mathbf-varpi"
"u/1d6e2","ùõ¢","mathmit-Alpha"
"u/1d6e3","ùõ£","mathmit-Beta"
"u/1d6e4","ùõ§","mathmit-Gamma"
"u/1d6e5","ùõ•","mathmit-Delta"
"u/1d6e6","ùõ¶","mathmit-Epsilon"
"u/1d6e7","ùõß","mathmit-Zeta"
"u/1d6e8","ùõ®","mathmit-Eta"
"u/1d6e9","ùõ©","mathmit-Theta"
"u/1d6ea","ùõ™","mathmit-Iota"
"u/1d6eb","ùõ´","mathmit-Kappa"
"u/1d6ec","ùõ¨","mathmit-Lambda"
"u/1d6ed","ùõ≠","mathmit-M"
"u/1d6ee","ùõÆ","N"
"u/1d6ef","ùõØ","mathmit-Xi"
"u/1d6f0","ùõ∞","O"
"u/1d6f1","ùõ±","mathmit-Pi"
"u/1d6f2","ùõ≤","mathmit-Rho"
"u/1d6f3","ùõ≥","mathmit-vartheta"
"u/1d6f4","ùõ¥","mathmit-Sigma"
"u/1d6f5","ùõµ","mathmit-Tau"
"u/1d6f6","ùõ∂","mathmit-Upsilon"
"u/1d6f7","ùõ∑","mathmit-Phi"
"u/1d6f8","ùõ∏","mathmit-Chi"
"u/1d6f9","ùõπ","mathmit-Psi"
"u/1d6fa","ùõ∫","mathmit-Omega"
"u/1d6fb","ùõª","mathmit-nabla"
"u/1d6fc","ùõº","mathmit-alpha"
"u/1d6fd","ùõΩ","mathmit-beta"
"u/1d6fe","ùõæ","mathmit-gamma"
"u/1d6ff","ùõø","mathmit-delta"
"u/1d700","ùúÄ","mathmit-epsilon"
"u/1d701","ùúÅ","mathmit-zeta"
"u/1d702","ùúÇ","mathmit-eta"
"u/1d703","ùúÉ","mathmit-theta"
"u/1d704","ùúÑ","mathmit-iota"
"u/1d705","ùúÖ","mathmit-kappa"
"u/1d706","ùúÜ","mathmit-lambda"
"u/1d707","ùúá","mathmit-mu"
"u/1d708","ùúà","mathmit-nu"
"u/1d709","ùúâ","mathmit-xi"
"u/1d70a","ùúä","mathmit-o"
"u/1d70b","ùúã","mathmit-pi"
"u/1d70c","ùúå","mathmit-rho"
"u/1d70d","ùúç","mathmit-varsigma"
"u/1d70e","ùúé","mathmit-sigma"
"u/1d70f","ùúè","mathmit-tau"
"u/1d710","ùúê","mathmit-upsilon"
"u/1d711","ùúë","mathmit-phi"
"u/1d712","ùúí","mathmit-chi"
"u/1d713","ùúì","mathmit-psi"
"u/1d714","ùúî","mathmit-omega"
"u/1d715","ùúï","partial"
"u/1d716","ùúñ","in"
"u/1d717","ùúó","mathmit-vartheta"
"u/1d718","ùúò","mathmit-varkappa"
"u/1d719","ùúô","mathmit-phi"
"u/1d71a","ùúö","mathmit-varrho"
"u/1d71b","ùúõ","mathmit-varpi"
"u/1d71c","ùúú","mathbit-Alpha"
"u/1d71d","ùúù","mathbit-Beta"
"u/1d71e","ùúû","mathbit-Gamma"
"u/1d71f","ùúü","mathbit-Delta"
"u/1d720","ùú†","mathbit-Epsilon"
"u/1d721","ùú°","mathbit-Zeta"
"u/1d722","ùú¢","mathbit-Eta"
"u/1d723","ùú£","mathbit-Theta"
"u/1d724","ùú§","mathbit-Iota"
"u/1d725","ùú•","mathbit-Kappa"
"u/1d726","ùú¶","mathbit-Lambda"
"u/1d727","ùúß","mathbit-M"
"u/1d728","ùú®","mathbit-N"
"u/1d729","ùú©","mathbit-Xi"
"u/1d72a","ùú™","O"
"u/1d72b","ùú´","mathbit-Pi"
"u/1d72c","ùú¨","mathbit-Rho"
"u/1d72d","ùú≠","mathbit-O"
"u/1d72e","ùúÆ","mathbit-Sigma"
"u/1d72f","ùúØ","mathbit-Tau"
"u/1d730","ùú∞","mathbit-Upsilon"
"u/1d731","ùú±","mathbit-Phi"
"u/1d732","ùú≤","mathbit-Chi"
"u/1d733","ùú≥","mathbit-Psi"
"u/1d734","ùú¥","mathbit-Omega"
"u/1d735","ùúµ","mathbit-nabla"
"u/1d736","ùú∂","mathbit-alpha"
"u/1d737","ùú∑","mathbit-beta"
"u/1d738","ùú∏","mathbit-gamma"
"u/1d739","ùúπ","mathbit-delta"
"u/1d73a","ùú∫","mathbit-epsilon"
"u/1d73b","ùúª","mathbit-zeta"
"u/1d73c","ùúº","mathbit-eta"
"u/1d73d","ùúΩ","mathbit-theta"
"u/1d73e","ùúæ","mathbit-iota"
"u/1d73f","ùúø","mathbit-kappa"
"u/1d740","ùùÄ","mathbit-lambda"
"u/1d741","ùùÅ","mathbit-mu"
"u/1d742","ùùÇ","mathbit-nu"
"u/1d743","ùùÉ","mathbit-xi"
"u/1d744","ùùÑ","mathbit-o"
"u/1d745","ùùÖ","mathbit-pi"
"u/1d746","ùùÜ","mathbit-rho"
"u/1d747","ùùá","mathbit-varsigma"
"u/1d748","ùùà","mathbit-sigma"
"u/1d749","ùùâ","mathbit-tau"
"u/1d74a","ùùä","mathbit-upsilon"
"u/1d74b","ùùã","mathbit-phi"
"u/1d74c","ùùå","mathbit-chi"
"u/1d74d","ùùç","mathbit-psi"
"u/1d74e","ùùé","mathbit-omega"
"u/1d74f","ùùè","partial"
"u/1d750","ùùê","in"
"u/1d751","ùùë","mathbit-vartheta"
"u/1d752","ùùí","mathbit-varkappa"
"u/1d753","ùùì","mathbit-phi"
"u/1d754","ùùî","mathbit-varrho"
"u/1d755","ùùï","mathbit-varpi"
"u/1d756","ùùñ","mathsfbf-Alpha"
"u/1d757","ùùó","mathsfbf-Beta"
"u/1d758","ùùò","mathsfbf-Gamma"
"u/1d759","ùùô","mathsfbf-Delta"
"u/1d75a","ùùö","mathsfbf-Epsilon"
"u/1d75b","ùùõ","mathsfbf-Zeta"
"u/1d75c","ùùú","mathsfbf-Eta"
"u/1d75d","ùùù","mathsfbf-Theta"
"u/1d75e","ùùû","mathsfbf-Iota"
"u/1d75f","ùùü","mathsfbf-Kappa"
"u/1d760","ùù†","mathsfbf-Lambda"
"u/1d761","ùù°","mathsfbf-M"
"u/1d762","ùù¢","mathsfbf-N"
"u/1d763","ùù£","mathsfbf-Xi"
"u/1d764","ùù§","O"
"u/1d765","ùù•","mathsfbf-Pi"
"u/1d766","ùù¶","mathsfbf-Rho"
"u/1d767","ùùß","mathsfbf-vartheta"
"u/1d768","ùù®","mathsfbf-Sigma"
"u/1d769","ùù©","mathsfbf-Tau"
"u/1d76a","ùù™","mathsfbf-Upsilon"
"u/1d76b","ùù´","mathsfbf-Phi"
"u/1d76c","ùù¨","mathsfbf-Chi"
"u/1d76d","ùù≠","mathsfbf-Psi"
"u/1d76e","ùùÆ","mathsfbf-Omega"
"u/1d76f","ùùØ","mathsfbf-nabla"
"u/1d770","ùù∞","mathsfbf-alpha"
"u/1d771","ùù±","mathsfbf-beta"
"u/1d772","ùù≤","mathsfbf-gamma"
"u/1d773","ùù≥","mathsfbf-delta"
"u/1d774","ùù¥","mathsfbf-epsilon"
"u/1d775","ùùµ","mathsfbf-zeta"
"u/1d776","ùù∂","mathsfbf-eta"
"u/1d777","ùù∑","mathsfbf-theta"
"u/1d778","ùù∏","mathsfbf-iota"
"u/1d779","ùùπ","mathsfbf-kappa"
"u/1d77a","ùù∫","mathsfbf-lambda"
"u/1d77b","ùùª","mathsfbf-mu"
"u/1d77c","ùùº","mathsfbf-nu"
"u/1d77d","ùùΩ","mathsfbf-xi"
"u/1d77e","ùùæ","mathsfbf-o"
"u/1d77f","ùùø","mathsfbf-pi"
"u/1d780","ùûÄ","mathsfbf-rho"
"u/1d781","ùûÅ","mathsfbf-varsigma"
"u/1d782","ùûÇ","mathsfbf-sigma"
"u/1d783","ùûÉ","mathsfbf-tau"
"u/1d784","ùûÑ","mathsfbf-upsilon"
"u/1d785","ùûÖ","mathsfbf-phi"
"u/1d786","ùûÜ","mathsfbf-chi"
"u/1d787","ùûá","mathsfbf-psi"
"u/1d788","ùûà","mathsfbf-omega"
"u/1d789","ùûâ","partial"
"u/1d78a","ùûä","mathsfbf-varepsilon"
"u/1d78b","ùûã","mathsfbf-vartheta"
"u/1d78c","ùûå","mathsfbf-varkappa"
"u/1d78d","ùûç","mathsfbf-phi"
"u/1d78e","ùûé","mathsfbf-varrho"
"u/1d78f","ùûè","mathsfbf-varpi"
"u/1d790","ùûê","mathsfbfsl-Alpha"
"u/1d791","ùûë","mathsfbfsl-Beta"
"u/1d792","ùûí","mathsfbfsl-Gamma"
"u/1d793","ùûì","mathsfbfsl-Delta"
"u/1d794","ùûî","mathsfbfsl-Epsilon"
"u/1d795","ùûï","mathsfbfsl-Zeta"
"u/1d796","ùûñ","mathsfbfsl-Eta"
"u/1d797","ùûó","mathsfbfsl-vartheta"
"u/1d798","ùûò","mathsfbfsl-Iota"
"u/1d799","ùûô","mathsfbfsl-Kappa"
"u/1d79a","ùûö","mathsfbfsl-Lambda"
"u/1d79b","ùûõ","mathsfbfsl-M"
"u/1d79c","ùûú","mathsfbfsl-N"
"u/1d79d","ùûù","mathsfbfsl-Xi"
"u/1d79e","ùûû","O"
"u/1d79f","ùûü","mathsfbfsl-Pi"
"u/1d7a0","ùû†","mathsfbfsl-Rho"
"u/1d7a1","ùû°","mathsfbfsl-vartheta"
"u/1d7a2","ùû¢","mathsfbfsl-Sigma"
"u/1d7a3","ùû£","mathsfbfsl-Tau"
"u/1d7a4","ùû§","mathsfbfsl-Upsilon"
"u/1d7a5","ùû•","mathsfbfsl-Phi"
"u/1d7a6","ùû¶","mathsfbfsl-Chi"
"u/1d7a7","ùûß","mathsfbfsl-Psi"
"u/1d7a8","ùû®","mathsfbfsl-Omega"
"u/1d7a9","ùû©","mathsfbfsl-nabla"
"u/1d7aa","ùû™","mathsfbfsl-alpha"
"u/1d7ab","ùû´","mathsfbfsl-beta"
"u/1d7ac","ùû¨","mathsfbfsl-gamma"
"u/1d7ad","ùû≠","mathsfbfsl-delta"
"u/1d7ae","ùûÆ","mathsfbfsl-epsilon"
"u/1d7af","ùûØ","mathsfbfsl-zeta"
"u/1d7b0","ùû∞","mathsfbfsl-eta"
"u/1d7b1","ùû±","mathsfbfsl-vartheta"
"u/1d7b2","ùû≤","mathsfbfsl-iota"
"u/1d7b3","ùû≥","mathsfbfsl-kappa"
"u/1d7b4","ùû¥","mathsfbfsl-lambda"
"u/1d7b5","ùûµ","mathsfbfsl-mu"
"u/1d7b6","ùû∂","mathsfbfsl-nu"
"u/1d7b7","ùû∑","mathsfbfsl-xi"
"u/1d7b8","ùû∏","mathsfbfsl-o"
"u/1d7b9","ùûπ","mathsfbfsl-pi"
"u/1d7ba","ùû∫","mathsfbfsl-rho"
"u/1d7bb","ùûª","mathsfbfsl-varsigma"
"u/1d7bc","ùûº","mathsfbfsl-sigma"
"u/1d7bd","ùûΩ","mathsfbfsl-tau"
"u/1d7be","ùûæ","mathsfbfsl-upsilon"
"u/1d7bf","ùûø","mathsfbfsl-phi"
"u/1d7c0","ùüÄ","mathsfbfsl-chi"
"u/1d7c1","ùüÅ","mathsfbfsl-psi"
"u/1d7c2","ùüÇ","mathsfbfsl-omega"
"u/1d7c3","ùüÉ","partial"
"u/1d7c4","ùüÑ","in"
"u/1d7c5","ùüÖ","mathsfbfsl-vartheta"
"u/1d7c6","ùüÜ","mathsfbfsl-varkappa"
"u/1d7c7","ùüá","mathsfbfsl-phi"
"u/1d7c8","ùüà","mathsfbfsl-varrho"
"u/1d7c9","ùüâ","mathsfbfsl-varpi"
"u/1d7ce","ùüé","mathbf-0"
"u/1d7cf","ùüè","mathbf-1"
"u/1d7d0","ùüê","mathbf-2"
"u/1d7d1","ùüë","mathbf-3"
"u/1d7d2","ùüí","mathbf-4"
"u/1d7d3","ùüì","mathbf-5"
"u/1d7d4","ùüî","mathbf-6"
"u/1d7d5","ùüï","mathbf-7"
"u/1d7d6","ùüñ","mathbf-8"
"u/1d7d7","ùüó","mathbf-9"
"u/1d7d8","ùüò","mathbb-0"
"u/1d7d9","ùüô","mathbb-1"
"u/1d7da","ùüö","mathbb-2"
"u/1d7db","ùüõ","mathbb-3"
"u/1d7dc","ùüú","mathbb-4"
"u/1d7dd","ùüù","mathbb-5"
"u/1d7de","ùüû","mathbb-6"
"u/1d7df","ùüü","mathbb-7"
"u/1d7e0","ùü†","mathbb-8"
"u/1d7e1","ùü°","mathbb-9"
"u/1d7e2","ùü¢","mathsf-0"
"u/1d7e3","ùü£","mathsf-1"
"u/1d7e4","ùü§","mathsf-2"
"u/1d7e5","ùü•","mathsf-3"
"u/1d7e6","ùü¶","mathsf-4"
"u/1d7e7","ùüß","mathsf-5"
"u/1d7e8","ùü®","mathsf-6"
"u/1d7e9","ùü©","mathsf-7"
"u/1d7ea","ùü™","mathsf-8"
"u/1d7eb","ùü´","mathsf-9"
"u/1d7ec","ùü¨","mathsfbf-0"
"u/1d7ed","ùü≠","mathsfbf-1"
"u/1d7ee","ùüÆ","mathsfbf-2"
"u/1d7ef","ùüØ","mathsfbf-3"
"u/1d7f0","ùü∞","mathsfbf-4"
"u/1d7f1","ùü±","mathsfbf-5"
"u/1d7f2","ùü≤","mathsfbf-6"
"u/1d7f3","ùü≥","mathsfbf-7"
"u/1d7f4","ùü¥","mathsfbf-8"
"u/1d7f5","ùüµ","mathsfbf-9"
"u/1d7f6","ùü∂","mathtt-0"
"u/1d7f7","ùü∑","mathtt-1"
"u/1d7f8","ùü∏","mathtt-2"
"u/1d7f9","ùüπ","mathtt-3"
"u/1d7fa","ùü∫","mathtt-4"
"u/1d7fb","ùüª","mathtt-5"
"u/1d7fc","ùüº","mathtt-6"
"u/1d7fd","ùüΩ","mathtt-7"
"u/1d7fe","ùüæ","mathtt-8"
"u/1d7ff","ùüø","mathtt-9"
